brand,name,current_price,former_price,discount
Aristar,AR 16250,$58.64,$75,N/A
Takumi,TK1079 With Magnetic Clip-On Lens,$115.74,$209.98,45% Off
Takumi,TK1042 Kids,$83.74,$129.98,36% Off
Takumi,TK1027 With Magnetic Clip-On Lens,$115.74,$209.98,45% Off
Original Penguin Jr.,The Saul Jr.,$146.40,$183,20% Off
Ray-Ban,RB7244,$89,$178,50% Off
Versace,VE3329B,$346,N/A,
Stetson,Stetson T-511,$118.69,$237.38,50% Off
Stetson,Stetson 334,$97.44,$194.88,50% Off
Burberry,BE2419,$483,N/A,
Sferoflex,SF2589,$116,N/A,
Dolce & Gabbana,DG3308,$335,N/A,
ECO,Yamuna,$209.25,N/A,
Via Spiga,Nella,$104.94,$209.88,50% Off
Gucci,GG1285O,$463.25,$545,15% Off
Guess,GU50176,$97.50,$195,50% Off
Dolce & Gabbana,DG1361,$453,N/A,
Burberry,BE1372,$154.50,$309,50% Off
GX by Gwen Stefani Kids,GX906,$113.90,N/A,
Burberry,BE2363,$160.50,$321,50% Off
Flexon,E1042,$246.40,$308,20% Off
Burberry,BE2411,$311,N/A,
Takumi,TK1050 With Magnetic Clip-On Lens,$115.74,$209.98,45% Off
Dolce & Gabbana,DG5102,$144,$288,50% Off
Sferoflex,SF2271,$128,N/A,
Versace,VE3284B,$152,$304,50% Off
Lulu Guinness,L914,$179.42,$299.03,40% Off
Randy Jackson,RJ Limited Edition X120,$100,$200,50% Off
Ray-Ban,RB6375,$189,N/A,
Lucky Brand Kids,D714-Children's,$156.80,$196,20% Off
Vera Bradley,Denise,$174.69,N/A,
Persol,PO3254V,$150,$300,50% Off
Ray-Ban,RB8148V - Hexagonal Titanium,$316.40,$452,30% Off
Ray-Ban,RB6343,$89.50,$179,50% Off
Easytwist,ET990 No Clip-On Lens,$111.74,$199.98,44% Off
Via Spiga,Mirabella,$104.94,$209.88,50% Off
Ray-Ban,RB3758V,$176,N/A,
Brooks Brothers,BB 2033,$182,N/A,
Lafont Issy & La,Clic,$379,N/A,
Versace,VE1233Q,$316,N/A,
Ray-Ban,RB5286,$222,N/A,
Oakley,Crosslink Zero,$187,N/A,
Modo,4512,$335,N/A,
Oakley,Exchange R,$242,N/A,
Stetson,Stetson XL 21,$97.44,$194.88,50% Off
Randy Jackson,RJ 3034,$93.50,$187,50% Off
B.M.E.C. Big Mens,Big Edge,$104.99,$209.97,50% Off
Kate Spade,Violette,$168,$240,30% Off
Brooks Brothers,BB 2035,$87.50,$175,50% Off
EasyClip,EC433 No Clip-On Lens,$83.74,$129.98,36% Off
Saint Laurent,SL 170,$305,N/A,
Takumi,TK1049 With Magnetic Clip-On Lens,$115.74,$209.98,45% Off
Dolce & Gabbana,DG5107,$287.70,$411,30% Off
GX by Gwen Stefani,GX024 TAVI,$169.88,N/A,
Versace,VE1283,$346,N/A,
Burberry,BE2347 - Evelyn,$327,,
Dolce & Gabbana,DG5101,$288,N/A,
Vera Bradley,Kari-Petite,$174.69,N/A,
Ray-Ban,RB5489F,$210,N/A,
Oakley,Plank 2.0,$187,N/A,
Oakley,Addams,$227,N/A,
Ray-Ban Junior,RY1591,$110,,
Ray-Ban,RB7316V,$249,N/A,
Ray-Ban,RB5422,$210,N/A,
Jill Stuart,JS 359,$131.85,$188.36,30% Off
Gucci,GG1526O,$416.50,$490,15% Off
Vera Bradley Kids,Naomi,$126.39,N/A,
Gucci,GG0934OA,$425,$500,15% Off
Lafont,Noemie,$529,N/A,
Kate Spade,Tahlia,$175,,
Kate Spade,Gabriella,$255,N/A,
Dolce & Gabbana,DG3362,$171.50,$343,50% Off
Jill Stuart,JS 366,$131.85,$188.36,30% Off
Gucci,GG0826O,$322,$460,30% Off
Persol,PO3348V,$452,,
Nike,7237,$205.80,$294,30% Off
Burberry,BE2416F,$327,N/A,
Emporio Armani,EA3098,$128.10,$183,30% Off
Easytwist,ET961 No Clip-On Lens,$111.74,$199.98,44% Off
Jill Stuart,JS 367,$131.85,$188.36,30% Off
Jill Stuart,JS 364,$131.85,$188.36,30% Off
Persol,PO3344V,$363,N/A,
Dolce & Gabbana,DG3383,$364,N/A,N/A
Via Spiga,Agata,$104.94,$209.88,50% Off
Oakley,Leadline RX,$227,N/A,
Ray-Ban Meta Gen 2,RW4012 | Meta Wayfarer (Gen 2),$459,N/A,
Burberry,BE2280,$327,N/A,
Gucci,GG1737O,$340,$400,15% Off
Dolce & Gabbana,DG3397,$393,N/A,
Stetson,Stetson Zylo-Flex 719,$108.69,$217.38,50% Off
Ray-Ban,RB6485,$189,N/A,
Ted Baker,B877UF,$155.29,$258.82,40% Off
EasyClip,EC415 With Magnetic Clip-On Lens,$115.74,$209.98,45% Off
Kenneth Cole,KC0800,$100,$200,50% Off
Guess,GU50149,$96,$192,50% Off
Versace,VE1244,$147.50,$295,50% Off
Ray-Ban Junior,RY1601,$87,N/A,
Burberry,BE1361 - Charley,$160.50,$321,50% Off
Tura,R538,$175.90,$219.88,20% Off
Kate Spade,Noel/G,$250,N/A,
Via Spiga,Constantina,$104.94,$209.88,50% Off
Ray-Ban,RB5429,$210,,
Ray-Ban,RB8779D,$276,N/A,
Ray-Ban,RB7330,$176,N/A,
Elle,EL 13410,$109.20,$182,40% Off
Via Spiga,Dulcina,$104.94,$209.88,50% Off
Stetson,Stetson 352,$97.44,$194.88,50% Off
Ray-Ban,RB6518,$249,N/A,
Ray-Ban,RB5489,$210,N/A,
Gucci,GG1265O,$416.50,$490,15% Off
Burberry,BE2426D,$390,N/A,
Burberry,BE1377,$154.50,$309,50% Off
Easytwist N Clip,CT257 With Magnetic Clip-On Lens,$130.79,$217.98,40% Off
Ted Baker,B885,$195.25,$325.42,40% Off
EasyClip,EC179 With Magnetic Clip-On Lens,$115.74,$209.98,45% Off
Ray-Ban,RB5362,$237,N/A,
Oakley Youth,Shifter XS,$123,N/A,
Coach,HC6082,$219,N/A,
Modo,6524,$265,N/A,
Persol,PO3295V,$273.70,$391,30% Off
Oakley,Dissipate (Low Bridge Fit),$227,N/A,
Easytwist N Clip,CT233 With Magnetic Clip-On Lens,$130.79,$217.98,40% Off
Dolce & Gabbana,DG3347,$306,N/A,
Armani Exchange,AX1014,$96.60,$138,30% Off
Vogue,VO2998,$155,N/A,N/A
Persol,PO3189V,$171,$342,50% Off
Gucci,GG1590O,$352.75,$415,15% Off
ECO,Volga 2.0,$209.25,N/A,
Ray-Ban,RB7229,$155.40,$222,30% Off
Burberry,BE1268,$249,N/A,
Versace,VE1289,$149,$298,50% Off
Burberry,BE2431,$327,N/A,
Jones New York,J486,$191.20,$239,20% Off
Tory Burch,TY2080,$150.50,$215,30% Off
Dolce & Gabbana,DG3349,$335,N/A,
Guess,GU2953,$104,$208,50% Off
Dolce & Gabbana,DG3352,$306,N/A,
Guess,GM50037,$135,$270,50% Off
Via Spiga,Filomena,$104.94,$209.88,50% Off
Randy Jackson,RJ 3031,$93.50,$187,50% Off
Original Penguin,The Burks,$174.31,$218,20% Off
Burberry,BE2379U-Charlie,$296,,
Trina Turk,Adele,$195.50,N/A,
Kate Spade,Conceta/FJ,$171.50,$245,30% Off
Gucci,GG1025O,$350,$500,30% Off
Burberry,BE2311,$137.50,$275,50% Off
Versace,VE1296,$177,$354,N/A
Ray-Ban,RB6465F Jack - Alternate Fit,$138.60,$198,30% Off
O'Neill,Gala,$139,N/A,
GX by Gwen Stefani Kids,GX800,$125.90,N/A,
Persol,PO2490V,$150,$300,50% Off
Ray-Ban,RB7238,$176,N/A,
Aristar,AR 16384,$78,$100,22% Off
Ray-Ban,RB5395,$210,,
Randy Jackson,RJ 1928,$93.50,$187,50% Off
Ray-Ban,RB0316V,$222,,
Kate Spade,Scarletta/G,$250,,
Ray-Ban Junior,RB1591,$103,N/A,
Spy,Justice,$280,N/A,
Takumi,TK1033 With Magnetic Clip-On Lens,$115.74,$209.98,45% Off
Tory Burch,TY2071,$163.10,$233,30% Off
Guess,GU2687,$115,$230,50% Off
Ted Baker,B331,$177.49,$295.82,40% Off
Bebe,BB5075,$168.80,$211,20% Off
Juicy Couture,Ju 171,$164.50,$235,30% Off
Versace,VE3328,$286,N/A,
ECO,Seudre,$210,N/A,
Ray-Ban,RB3807VM,$317,N/A,
Ray-Ban,RB5418 Optics,$210,N/A,
Jill Stuart,JS 365,$131.85,$188.36,30% Off
Gucci,GG1536O,$314.50,$370,15% Off
Guess,GU50124,$115,$230,N/A
Versace,VE3318,$155,$310,50% Off
Lafont,NewYork,$835,N/A,
Oakley,Crosslink Fit - Alternate Fit,$276,N/A,
Kate Spade,Cailye,$240,N/A,
Gucci,GG1303O,$501.50,$590,15% Off
Easytwist N Clip,CT261 With Magnetic Clip-On Lens,$130.79,$217.98,40% Off
Puma,PJ0020O - Kids,$95.22,N/A,
Ray-Ban,RB5375,$222,N/A,
Ray-Ban,RB8247V,$479,N/A,
Totally Rimless,Briolette 250,$174.69,N/A,
Burberry,BE2374,$169,$338,50% Off
Vera Bradley,Tamlyn,$179.29,N/A,
Ray-Ban Junior,RY1592,$110,N/A,
Persol,PO3355V,$363,N/A,N/A
Line Art,XL 2117,$249,$415,40% Off
Burberry,BE2331,$146.50,$293,50% Off
Vera Bradley,Christina,$179.29,N/A,
Versace,VE3368U,$376,N/A,
Gucci,GG1035O,$259,$370,30% Off
Ray-Ban Junior,RY1555F,$122,N/A,
Oakley,The Cut,$172,N/A,
Dolce & Gabbana,DG3410,$335,N/A,
EasyClip,EC403 With Magnetic Clip-On Lens,$115.74,$209.98,45% Off
Kate Spade,MADRIGAL/G,$225,N/A,
Versace,VE3348,$242.20,$346,30% Off
Oakley,Moonglow,$208,N/A,
Michael Kors,MK4098BU,$102,$204,50% Off
Oakley,Futurity,$227,,
Lafont,Villon,$445,N/A,
Persol,PO3286V,$157,$314,50% Off
Michael Kors,MK3012,$186,N/A,
Gucci,GG0634O,$259.25,$305,15% Off
Versace,VE1302,$526,N/A,
Armani Exchange,AX1010,$96.60,$138,30% Off
Ann Taylor,AT322,$142.43,$237.38,40% Off
Guess,GM0397,$121.50,$243,50% Off
Ray-Ban,RB8794,$479,N/A,
Flexon,E1110,$246.40,$308,20% Off
Kate Spade,Laval,$250,N/A,
Sferoflex,SF2579,$128,N/A,
Ray-Ban,RB8789,$479,N/A,N/A
Saint Laurent,SL 125,$505,N/A,
Kate Spade,Zahra,$230,N/A,
Emporio Armani,EA3069,$199,N/A,
Guess,GM0281,$154,$308,50% Off
Sferoflex,SF2275,$128,N/A,
Dolce & Gabbana,DG1333,$163,$326,50% Off
Ray-Ban Junior,RY1632,$87,N/A,
Burberry,BE2323,$137.50,$275,50% Off
Cremieux,GRADY,$120,$200,40% Off
Cremieux,SOHO,$138,$230,40% Off
Oakley,Foil RQ,$163,N/A,
Kate Spade,Atalina/F,$245,,
Ray-Ban,RB7217 Chad Optics Bio-Based,$189,N/A,
GX by Gwen Stefani Kids,GX905,$142.38,N/A,
Guess,GU50242,$113.50,$227,50% Off
Guess,GU2881,$102.50,$205,50% Off
Ray-Ban,RB8422 Optics,$276,,
Ray-Ban Junior,RY9098V,$77.70,$111,30% Off
Flexon,Gloria,$223.20,$279,20% Off
Lafont,Tradition,$445,N/A,
Oakley,Pitchman,$276,N/A,
Polo,PH2126,$194,N/A,
Versace,VE3303,$286,,
Guess,GU2952,$104,$208,50% Off
Kate Spade,Tana/G,$250,N/A,N/A
Easytwist Kids,ET980 Kids No Clip-On Lens,$77.99,$129.98,40% Off
Burberry,BE2356F,$146.50,$293,50% Off
Ray-Ban,RB5435,$189,N/A,
Persol,PO3340V,$295.40,$422,30% Off
Via Spiga,Porzia,$104.94,$209.88,50% Off
Anna Sui,AS575,$129.92,$199.88,35% Off
Modo,4418,$335,N/A,
Stetson,Stetson XL 29,$97.44,$194.88,50% Off
Ray-Ban,RB5486,$138.60,$198,30% Off
Burberry,BE1390,$390,N/A,
Stetson,Stetson Zylo-Flex 714,$108.69,$217.38,50% Off
Via Spiga,Noemi,$104.94,$209.88,50% Off
O'Neill,Alto,$139,N/A,
Burberry,BE2384,$228.90,$327,30% Off
Jill Stuart,JS 363,$131.85,$188.36,30% Off
Oakley Youth,Double Steal,$123,N/A,
Versace,VE3293,$256,N/A,N/A
Guess,GM50018,$142,$284,50% Off
Takumi,TK901 No Clip-On Lens,$115.74,$209.98,45% Off
Ray-Ban,RB8762D,$148.40,$212,30% Off
GX by Gwen Stefani,GX043 ERYN,$169.88,N/A,
Kate Spade,KS ROZALYN/G,$240,N/A,
Takumi,TK962 With Magnetic Clip-On Lens,$115.74,$209.98,45% Off
Dolce & Gabbana,DG3389,$371,N/A,
Modo,4212,$335,N/A,
B.M.E.C. Big Mens,Big Wave,$104.99,$209.97,50% Off
Burberry,BE1350,$146.50,$293,50% Off
Burberry,BE2355,$160.50,$321,50% Off
Dolce & Gabbana,DG1359,$335,N/A,N/A
Armani Exchange,AX3050F - Alternate Fit,$92.40,$132,30% Off
Marc Jacobs,Marc 766,$141,$235,40% Off
Ray-Ban,RB8412,$276,N/A,
Ray-Ban Junior,RB1549,$122,N/A,
Oakley,Rafter,$172,N/A,N/A
Dolce & Gabbana,DG3374,$158,$316,50% Off
Burberry,BE2375,$139.50,$279,50% Off
Lucky Brand Kids,D812-Children's,$156.80,$196,20% Off
Guess,GU2872,$119,$238,50% Off
Ted Baker,B355,$177.49,$295.82,40% Off
Spy,Brody,$260,N/A,
Via Spiga,Ondina,$104.94,$209.88,50% Off
Ray-Ban,RB2241VF,$210,N/A,
Kate Spade,Zeena/G,$250,N/A,
Burberry,BE1389,$390,N/A,
Ted Baker,B352,$195.25,$325.42,40% Off
Via Spiga,Annalisa,$104.94,$209.88,50% Off
Versace,VE3292,$155,$310,50% Off
Guess,GU50224,$96,$192,50% Off
Takumi,TK1035 With Magnetic Clip-On Lens,$115.74,$209.98,45% Off
Versace,VE1255B,$152,$304,50% Off
Oakley Youth,Marshal XS,$135,N/A,
Vogue,VO2961,$93.10,$133,30% Off
Oakley,Hip Tone,$227,N/A,
Guess,GU50246,$87.30,$167,48% Off
EasyClip,EC453 With Magnetic Clip-On Lens,$115.74,$209.98,45% Off
Stetson,Stetson XL 24,$97.44,$194.88,50% Off
Kate Spade,CELESTINE,$240,,
Kate Spade,HAZEN/F,$245,N/A,N/A
Guess,GU2888-D,$108,$216,50% Off
Burberry,BE2291,$160.50,$321,50% Off
Versace,VE1184,$270,N/A,
Modo,6530,$265,N/A,
Versace,VE1266,$152,$304,50% Off
Michael Kors,MK4030,$161,N/A,
Kate Spade,MARJORIE,$240,N/A,
Polo Kids,PP8520,$114,N/A,
O'Neill,Beck,$139,N/A,
Versace,VE1287,$376,N/A,
Versace,VE1306,$406,N/A,
Guess,GU1954,$104,$208,50% Off
Burberry,BE1378D,$236.60,$338,30% Off
Ray-Ban,RB2241V,$210,N/A,
Coach,HC6120,$232,N/A,
Versace,VE3304,$286,,
Stetson,Stetson 317,$97.44,$194.88,50% Off
Ray-Ban,RB7208,$249,N/A,
Persol,PO3298V,$164,$328,50% Off
Burberry,BE2363,$160.50,$321,N/A
Gucci,GG1598O,$327.25,$385,15% Off
Kate Spade,Karlyn,$178.50,$255,30% Off
XXL,Longhorn,$88.69,$177.38,50% Off
GX by Gwen Stefani Kids,GX803,$113.90,N/A,
EasyClip,EC432 Children's No Clip-On Lens,$83.74,$129.98,36% Off
Gucci,GG0927O,$327.25,$385,15% Off
Ray-Ban,RB5445F,$186,N/A,
Dolce & Gabbana,DG1347,$158,$316,50% Off
Persol,PO3317V,$164,$328,50% Off
Gucci,GG1693O,$378.25,$445,15% Off
Takumi,TK949 With Magnetic Clip-On Lens,$115.74,$209.98,45% Off
Guess,GU50194,$92.70,$184,50% Off
Lulu Guinness,L200,$179.42,$299.03,40% Off
Badgley Mischka,Baldwin,$241.19,N/A,
Stetson,OFF ROAD 5044,$93.69,$187.38,50% Off
Stetson,OFF ROAD 5059,$93.69,$187.38,50% Off
Sferoflex,SF2580B,$141,N/A,
O'Neill,Drop,$139,N/A,N/A
Ted Baker,B959,$121.99,$203.32,40% Off
Ray-Ban,RB5017A,$210,N/A,
Persol,PO2478V,$163.50,$327,50% Off
Kate Spade,Jeri,$168,$240,30% Off
Burberry,BE2333,$146.50,$293,50% Off
Ray-Ban,RB5344D,$130.50,$261,50% Off
Burberry,BE2367,$133,$266,50% Off
Gucci,GG1525O,$416.50,$490,15% Off
Burberry,BE2390,$296,,
Harley-Davidson,HD0759,$120,$200,40% Off
Modo,4415,$335,N/A,
Oakley,Voon,$227,N/A,
Persol,PO2471V,$161,$322,50% Off
Oakley,Volt Drop,$158.90,$227,30% Off
Easytwist,ET962 No Clip-On Lens,$111.74,$199.98,44% Off
Kate Spade,CLOVER/F,$189,$270,30% Off
Guess,GU50088-D,$101.50,$203,50% Off
Burberry,BE2388,$250.60,$358,30% Off
Ted Baker,B713,$173.05,$288.42,N/A
Modo,6517,$265,N/A,
Guess,GU50238,$96,$192,50% Off
Via Spiga,Jemma,$104.94,$209.88,50% Off
Skechers Kids,SE1078,$132,N/A,
Versace,VE1280,$300,N/A,
Lilly Pulitzer,Lantana,$190.40,$238,20% Off
Ray-Ban,RB7215F,$147,$210,30% Off
Kate Spade,Paris,$175,N/A,
Ray-Ban,RB6281D,$207,,
Lafont,Brigitte,$639,N/A,
Kate Spade,Claudie/G,$245,,
Ray-Ban,RB7056,$210,N/A,
B.M.E.C. Big Mens,Big Rock,$104.99,$209.97,50% Off
GX by Gwen Stefani,GX005 SUVI,$169.88,N/A,
Via Spiga,Luisa,$104.94,$209.88,50% Off
Ray-Ban,RB3694V - Jim Optics,$210,N/A,
Ray-Ban,RB7227,$132.30,$189,30% Off
Guess,GU50169,$85,$170,50% Off
Stetson,Stetson 321,$97.44,$194.88,50% Off
Guess,GU50185,$113.50,$227,50% Off
Persol,PO3345V,$422,N/A,
Oakley,Holbrook Low Bridge Fit,$187,N/A,
Lilly Pulitzer,Castilla,$190.40,$238,20% Off
Dolce & Gabbana,DG3404,$422,N/A,
Lucky Brand Kids,D711-Children's,$133.60,$167,20% Off
Harley-Davidson,HD0774,$120,$200,40% Off
Vogue,VO5240B,$74.98,$149.95,50% Off
Ray-Ban,RB5206,$210,N/A,
Burberry,BE2366U,$139.50,$279,50% Off
GX by Gwen Stefani,GX038 ADALYN,$169.88,N/A,
Original Penguin Jr.,The Mungarutal Jr.,$146.40,$183,20% Off
Stetson,Stetson Zylo-Flex 718,$108.69,$217.38,50% Off
Easytwist,ET955 No Clip-On Lens,$111.74,$199.98,44% Off
Easytwist N Clip,CT248 With Magnetic Clip-On Lens,$130.79,$217.98,40% Off
Ray-Ban,RB6480M-Scuderia Ferrari Collection,$150,$300,50% Off
Kate Spade,MACKINLEY,$175,N/A,
Jill Stuart,JS 373,$131.85,$188.36,30% Off
Kate Spade,Samara/G,$240,,
Puma,PU0094O,$191.82,N/A,
Gizmo Rubber,GZ 1008,$91.02,$101.14,10% Off
B.M.E.C. Big Mens,Big Air,$104.99,$209.97,50% Off
Ted Baker,TB801,$195.25,$325.42,40% Off
Ray-Ban,RB5393,$188,N/A,
Original Penguin,The Sly,$174.31,$218,20% Off
Versace,VE3282,$139,$278,50% Off
Ted Baker,B344,$177.49,$295.82,40% Off
Ray-Ban,RB7255,$237,N/A,
Gucci,GG1530O,$514.25,$605,15% Off
Via Spiga,Ornetta,$104.94,$209.88,50% Off
Esprit,ET 17569,$105,$175,40% Off
GX by Gwen Stefani Kids,GX807,$113.90,N/A,
Burberry,BE1380,$154.50,$309,50% Off
Persol,PO1935V,$157,$314,50% Off
Burberry,BE2205,$311,N/A,N/A
Persol,PO3007V,$333,,
Kate Spade,TEMPERANCE,$245,N/A,
Oakley,Bottle Rocket 4.0,$276,N/A,
Ralph Lauren,RL6141,$105,$210,50% Off
Ray-Ban,RB5341,$87.50,$175,50% Off
Dolce & Gabbana,DG3342,$158,$316,50% Off
Argyleculture,Kessel,$156.29,N/A,
Burberry,BE2406U,$421,,
Guess,GU50153-D,$92.70,$184,50% Off
Ray-Ban,RB8908,$276,N/A,
Aristar,AR 18432,$97.50,$125,22% Off
Burberry,BE2344 - Edison,$154.50,$309,50% Off
ED Ellen Degeneres,O-08,$185,N/A,
Burberry,BE2108,$265,N/A,
Guess,GU50097,$115,$230,50% Off
Dolce & Gabbana,DG5082,$130.50,$261,50% Off
Emporio Armani,EA1027,$128.10,$183,30% Off
Oakley,Cognitive,$442,N/A,
Emporio Armani,EA1041,$147,$210,30% Off
Modo,6522,$265,N/A,
Harley-Davidson,HD0716,$120,$200,40% Off
ECO,Isere,$195,N/A,N/A
Ray-Ban,RB7144M,$290,N/A,
Sferoflex,SF1143,$60.50,$121,50% Off
Lafont,Regard,$415,N/A,
Ray-Ban,RB5417 Optics,$210,N/A,
Versace,VE3341U,$346,N/A,
Guess,GM50009,$128.50,$257,50% Off
Via Spiga,Teodora,$104.94,$209.88,50% Off
Vera Bradley,Colene,$179.29,N/A,
Gucci,GG1044O,$425,$500,15% Off
Kate Spade,KS Mandee,$240,N/A,
Original Penguin,The Dooley,$174.31,$218,20% Off
Armani Exchange,AX3053,$92.40,$132,30% Off
Nike,7090,$188.80,$236,20% Off
Versace,VE3358B,$317.10,$453,30% Off
Gucci,GG1458O,$322,$460,30% Off
Ray-Ban,RB8775D,$138.50,$277,50% Off
Dolce & Gabbana,DG3334,$377,,
EasyClip,EC437 With Magnetic Clip-On Lens,$115.74,$209.98,45% Off
Oakley,Metalink,$255,N/A,
Nicole Miller,Evergreen,$142.43,$237.38,40% Off
Dolce & Gabbana,DG5027,$140,$280,50% Off
Randy Jackson,RJ 3029,$93.50,$187,50% Off
Coach,HC6089,$219,N/A,
Oakley,Base Plane,$255,N/A,
B.M.E.C. Big Mens,Big Scene,$104.99,$209.97,50% Off
Guess,GU2962-D,$101.50,$203,50% Off
Burberry,BE2392F,$236.60,$338,30% Off
Guess,GM50000,$121.50,$243,50% Off
O'Neill,Foam,$139,N/A,
Easytwist Kids,ET967 Kids No Clip-On Lens,$77.99,$129.98,40% Off
Anna Sui,AS595,$129.92,$199.88,35% Off
Kate Spade,Bendall,$250,N/A,
Gucci,GG0343O,$395.25,$465,15% Off
Stetson,Stetson 323,$97.44,$194.88,50% Off
Persol,PO1008V,$171,$342,50% Off
Gucci,GG1522O,$416.50,$490,15% Off
Guess,GU50255-D,$108,$216,50% Off
Anna Sui,AS199,$129.92,$199.88,35% Off
Burberry,BE2247,$145,$290,50% Off
Guess,GM50029,$121.50,$243,50% Off
XXL,Cougar,$103.69,$207.38,50% Off
Via Spiga,Salvatora,$104.94,$209.88,50% Off
Randy Jackson,RJ 3045,$93.50,$187,50% Off
Burberry,BE2368,$146.50,$293,50% Off
Dolce & Gabbana,DG5046,$140,$280,50% Off
Ted Baker,B953,$121.99,$203.32,40% Off
GX by Gwen Stefani Kids,GX900,$125.90,N/A,
Emporio Armani,EA1052,$137.20,$196,30% Off
Ray-Ban,RB6335,$210,N/A,
Burberry,BE2318,$133,$266,50% Off
Stetson,OFF ROAD 5049,$93.69,$187.38,50% Off
Versace,VE3283,$139,$278,50% Off
Tura,R607,$175.90,$219.88,20% Off
EasyClip,EC436 With Magnetic Clip-On Lens,$115.74,$209.98,45% Off
Oakley,Sobriquet,$182.50,$365,50% Off
Oakley Youth,Frogskins XS,$144,,
Spy,Dax,$260,N/A,
Gucci,GG1548O,$446.25,$525,15% Off
Lulu Guinness,L781,$179.42,$299.03,40% Off
Ray-Ban,RB6647,$210,N/A,
Guess,GU50174,$104,$208,50% Off
Ray-Ban,RB5387,$176,,
Ray-Ban,RB6497,$138.60,$198,30% Off
Guess,GU2966,$88,$176,50% Off
Modo,6521,$265,N/A,
Burberry,BE2232,$160,$320,50% Off
L.A.M.B.,LA023 - LYNN,$214.88,N/A,
Lulu Guinness,L873,$163.10,$271.83,40% Off
Stetson,Stetson 353,$97.44,$194.88,50% Off
Stetson,OFF ROAD 5061,$93.69,$187.38,50% Off
Burberry,BE2410,$311,N/A,
Kate Spade,Hadlee,$250,N/A,
Via Spiga,Caterina,$104.94,$209.88,50% Off
Gucci,GG0750O,$340,$400,15% Off
B.M.E.C. Big Mens,Big Target,$104.99,$209.97,50% Off
Modo,6531,$265,N/A,
Lafont Kids,Genie Enf,$319,N/A,
Modo,4405,$335,N/A,
Modo,4201,$335,N/A,
Gucci,GG0026O,$314.50,$370,15% Off
Vogue,VO5668F,$119,N/A,
Ray-Ban,RB8237V,$226,$452,50% Off
Guess,GM50013,$128.50,$257,50% Off
EasyClip,EC492 No Clip-On Lens,$83.74,$129.98,36% Off
Ray-Ban Junior,RY1598,$98,,
Gucci,GG1445O,$378.25,$445,15% Off
Persol,PO3358V,$363,N/A,
Kate Spade,KS TEYA,$225,N/A,
Ray-Ban Junior,RY9093V,$87,N/A,
EasyClip,EC411 With Magnetic Clip-On Lens,$115.74,$209.98,45% Off
GX by Gwen Stefani,GX047 ESSIE,$169.88,N/A,
Versace,VE1269,$376,N/A,
Saint Laurent,SL 106,$420,N/A,
Dolce & Gabbana,DG5031,$335,N/A,
EasyClip,EC399 Children's No Clip-On Lens,$83.74,$129.98,36% Off
Ray-Ban,RB3582V Round Metal II,$210,N/A,
Takumi,TK1044 Kids,$83.74,$129.98,36% Off
Persol,PO2460V,$342,N/A,
O'Neill,Espa,$139,N/A,
Oakley,Centerboard - Alternate Fit,$187,N/A,
Flexon,Einstein 600,$192,$240,20% Off
Liz Claiborne,L 654,$136.50,$210,35% Off
GX by Gwen Stefani,GX020 BIX,$135.90,N/A,
Vera Bradley Kids,Brenna,$126.39,N/A,
Ray-Ban,RB7840V,$249,N/A,
Ray-Ban,RB6545,$210,N/A,
Versace,VE3331U,$155,$310,50% Off
Via Spiga,Vienna,$104.94,$209.88,50% Off
Hackett,HEB 223-Bespoke,$242.89,$269.88,10% Off
Via Spiga,Evangelina,$104.94,$209.88,50% Off
Takumi,TK1084 With Magnetic Clip-On Lens,$115.74,$209.98,45% Off
Sferoflex,SF9001,$179,N/A,
Ray-Ban,RB6495,$156.10,$223,30% Off
Burberry,BE2433U,$327,N/A,
Dolce & Gabbana,DG3373,$335,N/A,
O'Neill,Toya,$139,N/A,
Burberry,BE2358 - Isabella,$133,$266,50% Off
Ray-Ban,RB6434,$210,N/A,
Esprit,ET 17447N,$105,$175,40% Off
Oakley,BMNG,$242,N/A,
Gucci,GG0942O,$322,$460,30% Off
Oakley,Chamfer Squared (TruBridge),$242,N/A,
Safilo Elasta,E 3069,$112.50,$225,50% Off
Guess,GU2583,$104,$208,50% Off
GX by Gwen Stefani,GX046 LESSA,$169.88,N/A,
Stetson,OFF ROAD 5034,$93.69,$187.38,50% Off
Guess,GU50079,$119,$238,50% Off
Ray-Ban Junior,RY1570,$93.80,$134,30% Off
Oakley,Contrail TI,$387,N/A,
Kate Spade,Hermione/G,$161,$230,30% Off
Ralph Lauren,RL6128,$230,N/A,
Dolce & Gabbana,DG3370,$185.50,$371,50% Off
Takumi,TK915 With Magnetic Clip-On Lens,$115.74,$209.98,45% Off
Burberry,BE2315,$133,$266,50% Off
Emporio Armani,EA1059,$128.10,$183,30% Off
Dolce & Gabbana,DG1322,$306,N/A,
Ducks Unlimited,Burke,$100.67,$167.79,40% Off
Oakley,Moon Shot,$182.50,$365,50% Off
Kate Spade,Reilly/G,$175,$250,30% Off
John Varvatos,V371,$286.40,$358,20% Off
Versace,VE1255B,$152,$304,N/A
Burberry,BE2357,$296,,
Stetson,Stetson 331,$97.44,$194.88,50% Off
Kate Spade,Gael,$250,N/A,
Burberry,BE2415F,$327,N/A,
Burberry,BE2356,$146.50,$293,50% Off
Oakley,Litebeam (Trubridge),$187,N/A,
Gucci,GG1176O,$290.50,$415,30% Off
Gucci,GG1715O,$259.25,$305,15% Off
Gant,GA3115,$114.50,$229,50% Off
Dolce & Gabbana,DG3376B,$259.70,$371,30% Off
Persol,PO3353V,$342,N/A,
Guess,GM50039,$135,$270,50% Off
ED Ellen Degeneres,O-19,$169,N/A,
Harley-Davidson,HD0496,$113.40,$189,40% Off
Easytwist N Clip,CT255-With Magnetic Clip-On Lens,$130.79,$217.98,40% Off
Kate Spade,Leanna/G,$240,N/A,
Guess,GU50063,$104,$208,50% Off
B.M.E.C. Big Mens,Big Note,$104.99,$209.97,50% Off
Guess,GU50133,$96,$192,50% Off
Kate Spade,Verna,$245,N/A,
Stetson,OFF ROAD 5048,$93.69,$187.38,50% Off
Ray-Ban,RB4378V,$176,N/A,
Ted Baker,B924,$126.43,$210.72,40% Off
Kate Spade,Valencia/G,$250,N/A,
Ray-Ban,RB3547V Oval,$210,N/A,
Kate Spade,Hana,$230,N/A,
Flexon,Larsen 600,$192,$240,20% Off
Versace,VE3359,$177,$354,50% Off
Burberry,BE2409,$257.60,$368,30% Off
Kate Spade,Ivie,$250,,
Versace,VE3354F,$406,N/A,
Versace,VE3313F - Alternate Fit,$141.50,$283,50% Off
Jill Stuart,JS 360,$131.85,$188.36,30% Off
Ray-Ban,RB5406F,$178,N/A,
Ray-Ban,RB5421F,$210,N/A,
Vogue,VO4024,$66.50,$133,50% Off
Ray-Ban,RB3636V - New Caravan Optics,$222,N/A,
Ray-Ban Junior,RY1053,$134,N/A,
Burberry,BE1381,$358,,
Vogue,VO3987B,$181,N/A,
Puma,PU0096O,$136.62,N/A,
XOXO,Silves,$93.77,$156.29,40% Off
Ray-Ban,RB8757,$184.10,$263,30% Off
Ray-Ban,RB5586,$222,N/A,
Dolce & Gabbana,DG3258,$306,,
Guess,GU50194,$92.70,$184,N/A
O'Neill,Tassy,$139,N/A,
Emporio Armani,EA1079,$147,$210,30% Off
Ted Baker,B962,$121.99,$203.32,40% Off
Takumi,TK1073 With Magnetic Clip-On Lens,$115.74,$209.98,45% Off
Gucci,GG1318O,$365.50,$430,15% Off
Oakley,Top Spinner 4B,$172,N/A,
Ray-Ban,RB6396,$222,N/A,N/A
Ray-Ban,RB8773D,$172.50,$345,50% Off
Burberry,BE1355,$327,,
Dolce & Gabbana,DG5076,$182.70,$261,30% Off
Ray-Ban,RB7159,$222,N/A,
Ray-Ban,RB6448,$210,N/A,
Via Spiga,Benedetta,$104.94,$209.88,50% Off
Guess,GU50163,$92.70,$184,50% Off
Pepe Jeans,PJ 1273,$131.16,$174.88,25% Off
Versace,VE3352U,$135,$270,50% Off
Persol,PO3329V,$422,,
Kate Spade,KS Delanie,$195,N/A,
Ray-Ban Junior,RY1587,$110,N/A,
EasyClip,EC371 With Magnetic Clip-On Lens,$115.74,$209.98,N/A
Easytwist Kids,ET975 Kids No Clip-On Lens,$77.99,$129.98,40% Off
Guess,GU50238,$96,$192,N/A
Guess,GU50240,$96,$192,50% Off
Takumi,TK928 Kids,$83.74,$129.98,36% Off
Stetson,OFF ROAD 5063,$93.69,$187.38,50% Off
Ray-Ban,RX7199,$249,N/A,
Stetson,Stetson Zylo-Flex 717,$108.69,$217.38,50% Off
Jones New York,J487,$156.80,$196,20% Off
Dolce & Gabbana,DG3421,$364,N/A,
ED Ellen Degeneres,O-03,$185,N/A,
Burberry,BE1341,$137.50,$275,50% Off
Kate Spade,SUKI/F,$225,,
Gucci,GG0718O,$425,$500,15% Off
Ralph Lauren,RL6133,$230,N/A,
Guess,GU50169,$85,$170,N/A
Kate Spade,Cinzia,$225,,
Takumi,TK916 With Magnetic Clip-On Lens,$115.74,$209.98,45% Off
Ray-Ban Junior,RB9082V,$115,N/A,
Kensie,Craft,$144,$180,20% Off
Persol,PO3371V,$393,N/A,
Burberry,BE2365,$327,,
Via Spiga,Dorinda,$104.94,$209.88,50% Off
Jill Stuart,JS 377,$131.85,$188.36,30% Off
Saint Laurent,SL 39,$420,N/A,
B.M.E.C. Big Mens,Big Roar,$104.99,$209.97,50% Off
Via Spiga,Graziella,$104.94,$209.88,50% Off
XXL,Guardian,$102.50,$205,50% Off
Ray-Ban,RB6471L,$71,$142,50% Off
Oakley,Tie Bar 0.5,$387,N/A,
Stetson,Stetson XL 33,$97.44,$194.88,50% Off
Ray-Ban Junior,RB1620,$41,$82,50% Off
O'Neill,Ryder,$139,N/A,
GX by Gwen Stefani Kids,GX811,$113.90,N/A,
Burberry,BE2339 Harrington,$327,N/A,
Oakley Youth,Humbly (Low Bridge Fit),$123,N/A,
Via Spiga,Stefania,$104.94,$209.88,50% Off
Kate Spade,Chantelle,$205,,
Guess,GU50089,$88,$176,50% Off
Dolce & Gabbana,DG1349,$171.50,$343,50% Off
Oakley,Holbrook TI,$270.90,$387,30% Off
Persol,PO3303V,$143,$286,50% Off
Versace,VE3374U,$316,N/A,
Gucci,GG1258O,$365.50,$430,15% Off
Gucci,GG1519O,$535.50,$630,15% Off
Dolce & Gabbana,DG1340,$158,$316,50% Off
Original Penguin,The Sinclair,$174.31,$218,20% Off
Takumi,TK984 With Magnetic Clip-On Lens,$115.74,$209.98,45% Off
Ray-Ban,RB6510,$210,N/A,
Vera Bradley,Tricia,$183.89,N/A,
Guess,GU50235,$117.50,$235,50% Off
Dolce & Gabbana,DG3383,$364,N/A,
Oakley,Activate,$227,,N/A
Kate Spade,Marnie,$240,N/A,
Caterpillar,CTO-Tacker,$118.15,$139,15% Off
Gucci,GG1465OA,$391,$460,15% Off
Stetson,OFF ROAD 5055,$93.69,$187.38,50% Off
Ray-Ban,RB5419,$261,N/A,
Via Spiga,Fabiana,$104.94,$209.88,50% Off
Gucci,GG1221O,$514.25,$605,15% Off
Takumi,TK966 With Magnetic Clip-On Lens,$115.74,$209.98,45% Off
Guess,GU2849,$96,$192,50% Off
Ray-Ban,RB8781D,$249,N/A,
Ray-Ban Junior,RB1587,$103,N/A,
O'Neill,Chace,$139,N/A,
Jill Stuart,JS 362,$131.85,$188.36,N/A
Oakley Youth,Twin Tail,$81.20,$116,30% Off
Persol,PO3362V,$393,N/A,
Takumi,TK910 With Magnetic Clip-On Lens,$115.74,$209.98,45% Off
Ray-Ban,RB6377,$94,$188,50% Off
Ted Baker,B961,$121.99,$203.32,40% Off
Lulu Guinness,L910,$179.42,$299.03,40% Off
Guess,GU2960,$117.50,$235,50% Off
Ray-Ban,RB5421,$210,N/A,
Oakley Youth,Humbly,$61.50,$123,50% Off
Lafont Issy & La,Pixel,$379,N/A,
Kate Spade,Diandra,$255,N/A,
Kate Spade,Anaya,$195,N/A,
Versace,VE3346,$263.20,$376,30% Off
Original Penguin Jr.,The Clyde Jr,$146.40,$183,20% Off
Ted Baker,B351,$195.25,$325.42,40% Off
ECO,Arakawa,$209.25,N/A,
Line Art,XL 2063,$249,$415,40% Off
Persol,PO2495V,$163.50,$327,50% Off
Dolce & Gabbana,DG3371,$185.50,$371,50% Off
Ann Taylor,ATP709,$134.93,$224.88,40% Off
Tura,R213,$145.90,$182.38,20% Off
Ray-Ban,RB8416M,$237,N/A,
Versace,VE1298,$346,N/A,
Oakley Youth,Flip-Kick,$135,N/A,
Kate Spade,Brylie,$168,$240,N/A
Guess,GM50038,$128.50,$257,50% Off
Vogue,VO2998,$155,N/A,
Guess,GU2940,$104,$208,50% Off
Armani Exchange,AX3038F - Alternate Fit,$92.40,$132,30% Off
Stetson,Stetson T-513,$118.69,$237.38,50% Off
Dolce & Gabbana,DG5066,$124,$248,50% Off
Guess,GU50124,$115,$230,50% Off
Michael Kors,MK4058,$161,N/A,
Oakley,Pitchman R Carbon - Alternate Fit,$297,N/A,
Via Spiga,Mafalda,$104.94,$209.88,50% Off
Ray-Ban,RB5398F,$198,N/A,
Lucky Brand Kids,D716-Children's,$133.60,$167,20% Off
Gucci,GG1272O,$425,$500,15% Off
Ray-Ban,RB5446,$186,N/A,
Dolce & Gabbana,DG3415,$335,N/A,
Ray-Ban Junior,RY1549,$122,N/A,
Gucci,GG1225O,$402.50,$575,30% Off
O'Neill,Zac,$139,N/A,
Via Spiga,Pia,$104.94,$209.88,50% Off
Persol,PO3352V,$196.50,$393,50% Off
Guess,GU2874,$113.50,$227,50% Off
Puma,PE0027O,$95.22,N/A,
Burberry,BE1348,$327,N/A,
Takumi,TK920 With Magnetic Clip-On Lens,$115.74,$209.98,45% Off
Lucky Brand,D408,$162.40,$203,20% Off
O'Neill,Cali,$139,N/A,
Versace,VE3350,$376,,
Ray-Ban Junior,RY1528,$122,N/A,
Stetson,Stetson XL 30,$97.44,$194.88,50% Off
Guess,GM50000,$121.50,$243,N/A
EasyClip,EC459 With Magnetic Clip-On Lens,$115.74,$209.98,45% Off
Polinelli Milano Readers,P301,$40,N/A,
Takumi,TK1080 With Magnetic Clip-On Lens,$115.74,$209.98,45% Off
Oakley,Hyperlink,$187,N/A,
Burberry,BE1375,$154.50,$309,50% Off
Oakley,Gauge 3.2 Blade,$318,N/A,
Ray-Ban Junior,RY9095V - Thalia,$87,N/A,
Ray-Ban,RB5245,$210,N/A,
Versace,VE3251B,$155,$310,50% Off
Kate Spade,FABLE,$245,N/A,
Ray-Ban,RB6543,$186,N/A,
Stetson,Stetson 313,$97.44,$194.88,N/A
Stetson,Stetson Zylo-Flex 716,$108.69,$217.38,50% Off
Michael Kors,MK4016 - Antibes,$171.50,$245,30% Off
Randy Jackson,RJ 3033,$93.50,$187,50% Off
Kate Spade,Ayla,$178.50,$255,30% Off
Randy Jackson,RJ 3018,$93.50,$187,50% Off
Stetson,Stetson 330,$97.44,$194.88,50% Off
Original Penguin,The Charlton,$174.31,$218,20% Off
GX by Gwen Stefani Kids,GX806,$113.90,N/A,
Versace,VE3366F,$315,$450,30% Off
Coach,HC6065,$255,N/A,
EasyClip,EC404 With Magnetic Clip-On Lens,$115.74,$209.98,45% Off
Aristar,AR 16216,$136.50,$175,22% Off
Versace,VE1288,$149,$298,50% Off
Oakley,Stagebeam,$99.50,$199,50% Off
Gant,GA3177,$114.50,$229,50% Off
Ray-Ban,RB6441,$210,N/A,N/A
Versace,VE3344,$163,$326,50% Off
GX by Gwen Stefani Kids,GX908,$125.90,N/A,
Michael Kors,MK8001 - Ravenna,$155.40,$222,30% Off
Vera Bradley,Cleo,$183.89,N/A,
Stetson,Stetson 325,$97.44,$194.88,50% Off
Gucci,GG1589O,$352.75,$415,15% Off
Ray-Ban,RB7238F,$166,N/A,
Flexon,Edison 600,$192,$240,20% Off
Dolce & Gabbana,DG5083,$182.70,$261,30% Off
Oakley,Sobriquet,$182.50,$365,N/A
Via Spiga,Fiona,$104.94,$209.88,50% Off
Timberland,TB1585,$99.05,$197,50% Off
Gucci,GG1510O,$446.25,$525,15% Off
Oakley,Diecutter RX,$99.50,$199,50% Off
Ray-Ban,RB6421,$210,N/A,
Dolce & Gabbana,DG3359,$259.70,$371,30% Off
Ray-Ban,RB3717 Optics,$222,N/A,
Michael Kors,MK4054,$216,N/A,
Gucci,GG0958O,$352.75,$415,15% Off
Ray-Ban Junior,RY9707V,$46.50,$93,50% Off
Original Penguin,The Alex,$174.31,$218,20% Off
Takumi,TK918 With Magnetic Clip-On Lens,$115.74,$209.98,45% Off
Ray-Ban,RB6594M - Scuderia Ferrari Collection,$274,N/A,
Guess,GM50010,$121.50,$243,50% Off
Ted Baker,B888,$195.25,$325.42,40% Off
Harley-Davidson,HD0540,$120,$200,40% Off
Ralph Lauren,RL5099,$223,N/A,
Kate Spade,Izabel/G,$250,N/A,
Sferoflex,SF1556,$141,,
Ray-Ban Junior,RY9594V,$68.60,$98,30% Off
Gucci,GG1451O,$463.25,$545,15% Off
Jill Stuart,JS 357,$131.85,$188.36,30% Off
ECO,Kasai,$209.25,N/A,
Via Spiga,Odetta,$104.94,$209.88,50% Off
Ray-Ban,RB6516M - Scuderia Ferrari Collection,$290,N/A,
Stetson,OFF ROAD 5039,$93.69,$187.38,50% Off
Jill Stuart,JS 361,$131.85,$188.36,30% Off
Ray-Ban,RB8789,$479,N/A,
Burberry,BE2408U,$338.10,$483,30% Off
Oakley,Dehaven (Low Bridge Fit),$242,N/A,
Versace,VE3347,$376,N/A,N/A
Persol,PO3278V,$143,$286,50% Off
Gucci,GG1204O,$514.25,$605,15% Off
Gucci,GG0278O,$395.25,$465,15% Off
Ray-Ban,RB7327,$88,$176,50% Off
Ray-Ban,RB3698VM,$261,N/A,
Lulu Guinness,L892,$179.42,$299.03,40% Off
Flexon,E1001,$349.60,$437,20% Off
Takumi,TK951 With Magnetic Clip-On Lens,$115.74,$209.98,45% Off
Kate Spade,Tana/G,$250,N/A,
Gucci,GG0833O,$476,$560,15% Off
Flexon,Flexon 623,$169.60,$212,20% Off
O'Neill,Arch,$139,N/A,
Ray-Ban,RB7232M - Scuderia Ferrari Collection,$237,N/A,
Randy Jackson,RJ 3021,$93.50,$187,50% Off
Versace,VE1281,$135,$270,50% Off
Ray-Ban,RB5296D,$220,N/A,
Versace,VE3353,$376,,
Persol,PO2494V,$163.50,$327,50% Off
Gucci,GG1197OA,$501.50,$590,15% Off
Original Penguin,The Speaker,$174.31,$218,20% Off
Oakley,Metal Plate TI,$318,N/A,
Ray-Ban,RB5441,$189,N/A,
B.M.E.C. Big Mens,Big Victory,$104.99,$209.97,50% Off
EasyClip,EC483 With Magnetic Clip-On Lens,$115.74,$209.98,45% Off
Saint Laurent,SL 104,$460,N/A,
Guess,GU2908,$143.50,$205,30% Off
Burberry,BE2317,$137.50,$275,50% Off
Ted Baker,B891,$173.05,$288.42,40% Off
Dolce & Gabbana,DG3369,$185.50,$371,50% Off
Ted Baker,B713,$173.05,$288.42,40% Off
EasyClip,EC486 With Magnetic Clip-On Lens,$83.74,$129.98,36% Off
Oakley,Enigma Mass,$255,N/A,
ECO,Flint,$209.25,N/A,
Kate Spade,Ophelia/F,$245,,
Stetson,Stetson 320,$97.44,$194.88,50% Off
Oakley,Rafter,$172,N/A,
Versace,VE3337,$177,$354,50% Off
Guess,GM50019,$142,$284,50% Off
Starck,SH1043X,$309.40,$442,30% Off
Vera Bradley,Hadley,$179.29,N/A,
Kate Spade,RAYA,$175,N/A,
Takumi,TK1057 With Magnetic Clip-On Lens,$115.74,$209.98,45% Off
Ducks Unlimited,Deke,$93.77,$156.29,40% Off
Burberry,BE1394,$390,N/A,
Gucci,GG1418O,$350,$500,30% Off
EasyClip,EC464 With Magnetic Clip-On Lens,$115.74,$209.98,45% Off
Guess,GU2855-S,$121.50,$243,50% Off
ECO,Marne,$209.25,N/A,
Elle,EL 13404,$109.20,$182,40% Off
Armani Exchange,AX3029,$92.40,$132,N/A
Randy Jackson,RJ 1059,$93.50,$187,50% Off
Ted Baker,B225,$177.49,$295.82,40% Off
Easytwist,ET973 No Clip-On Lens,$111.74,$199.98,44% Off
Lucky Brand Kids,D811-Children's,$156.80,$196,20% Off
Jones New York,J525,$177.60,$222,20% Off
Kate Spade,Davina,$245,N/A,
Stetson,Stetson T-512,$118.69,$237.38,50% Off
Guess,GM0243,$154,$308,50% Off
Guess,GU50196,$115,$230,50% Off
Versace,VE1307,$406,N/A,
Polo,PH2155,$209,N/A,
Jones New York,J147-Petite,$156.80,$196,20% Off
Kate Spade,KS Marnie 2/G,$240,N/A,
Persol,PO3283V,$171,$342,50% Off
Persol,PO2886V - Folding,$422,N/A,
Dolce & Gabbana,DG5059,$153.30,$219,30% Off
Gucci,GG0752O,$395.25,$465,15% Off
Ray-Ban,RB6397,$89,$178,50% Off
Modo,7001,$315,N/A,
Ray-Ban Junior,RB1625D,$119,N/A,
Burberry,BE1373,$233.80,$334,N/A
Burberry,BE2334F Elm - Alternate fit,$296,N/A,
Versace,VE3364U,$300,N/A,
Dolce & Gabbana,DG1338,$176,$352,50% Off
Easytwist,ET974 No Clip-On Lens,$111.74,$199.98,44% Off
Kate Spade,Lucyann 2,$161,$230,30% Off
Ray-Ban,RB3746V,$210,N/A,
Shuron,MacArthur,$128,$160,20% Off
Ted Baker,B711,$173.05,$288.42,40% Off
Kate Spade,Audrina/G,$250,N/A,
Burberry,BE2338F - Alternate Fit,$146.50,$293,50% Off
Burberry,BE2388F,$169,$338,50% Off
Lulu Guinness,L302,$163.10,$271.83,40% Off
ED Ellen Degeneres,O-18,$169,N/A,
Versace,VE3340U,$326,,N/A
Oakley,Admission,$187,,
Ray-Ban,RB5114,$189,N/A,
Modo,4515,$335,N/A,
Versace,VE3313,$141.50,$283,50% Off
Oakley Youth,Drop Kick,$116,,
Ray-Ban Junior,RB9097V,$87,N/A,
Modo,6527,$265,N/A,
Guess,GU2903,$126,$180,30% Off
Ray-Ban,RB7239,$176,N/A,
Ted Baker,B245,$195.25,$325.42,40% Off
Ray-Ban,RB7228,$189,,
Guess,GU50179,$104,$208,50% Off
Guess,GU2725,$97.50,$195,50% Off
Guess,GU50227,$104,$208,50% Off
Guess,GU50132,$104,$208,50% Off
Ray-Ban,RB7681V,$325,N/A,
Nicole Miller,Glenmore,$142.43,$237.38,40% Off
Kate Spade,Jonae,$265,N/A,
Ted Baker,B228,$177.49,$295.82,40% Off
Persol,PO3315V,$363,,
Dolce & Gabbana,DG1350,$171.50,$343,50% Off
Persol,PO3377V,$393,N/A,
Gucci,GG1433O,$322,$460,30% Off
Takumi,TK922-With Magnetic Clip-On Lens,$115.74,$209.98,45% Off
Oakley,Wingfold EVS,$318,N/A,
Oakley,HSTN Low Bridge Fit,$187,N/A,
Takumi,TK954 With Magnetic Clip-On Lens,$115.74,$209.98,45% Off
Kate Spade,Laylani,$161,$230,30% Off
Gucci,GG0968O,$350,$500,30% Off
Easytwist N Clip,CT238 With Magnetic Clip-On Lens,$130.79,$217.98,40% Off
Ray-Ban,RB0298VF,$222,,
Oakley Youth,Fielder,$135,N/A,
Gucci,GG1682O,$365.50,$430,15% Off
Ray-Ban,RB3857V Frank,$210,,
Ted Baker,B247,$177.49,$295.82,40% Off
Stetson,Stetson 348,$97.44,$194.88,50% Off
Tura,R208,$165.90,$207.38,20% Off
Michael Kors,MK4039,$106.40,$152,30% Off
Stetson,Stetson XL 33,$97.44,$194.88,N/A
Ray-Ban,RB5277,$177,N/A,
Via Spiga,Antonella,$104.94,$209.88,50% Off
Dolce & Gabbana,DG3337,$150,$300,50% Off
Puma,PU0130O,$136.62,N/A,
Guess,GU2792,$119,$238,50% Off
Stetson,Stetson Slims 326,$97.44,$194.88,50% Off
Versace,VE1292,$191.50,$383,50% Off
EasyClip,EC324 With Magnetic Clip-On Lens,$115.74,$209.98,45% Off
EasyClip,EC310 With Magnetic Clip-On Lens,$115.74,$209.98,45% Off
Easytwist N Clip,CT250 With Magnetic Clip-On Lens,$130.79,$217.98,40% Off
Ray-Ban Junior,RY9572V Rob Optics Kids,$98,N/A,
Ray-Ban Junior,RY1901,$44,$88,50% Off
Ted Baker,TB802,$195.25,$325.42,40% Off
Gucci,GG1434O,$527,$620,15% Off
Persol,PO3339V,$348,N/A,
Gucci,GG1295O,$514.25,$605,15% Off
B.M.E.C. Big Mens,Big Draft,$104.99,$209.97,50% Off
Kate Spade,Cardea,$245,N/A,
Ray-Ban,RB6498,$99,$198,50% Off
EasyClip,EC482 With Magnetic Clip-On Lens,$115.74,$209.98,45% Off
EasyClip,EC489-No Clip-On Lens,$83.74,$129.98,36% Off
Gucci,GG0399O,$413,$590,30% Off
Ted Baker,B881,$195.25,$325.42,40% Off
Ray-Ban,RB3716VM Clubmaster Metal,$237,N/A,
Kate Spade,Vandra,$250,N/A,
Stetson,Stetson Zylo-Flex 721,$108.69,$217.38,50% Off
Randy Jackson,RJ 1091,$93.50,$187,50% Off
Tura,R556,$175.90,$219.88,20% Off
Ray-Ban,RB8165V,$316.40,$452,30% Off
Gucci,GG1669O,$437.75,$515,15% Off
Ray-Ban,RB5499 - Lady Burbank,$100,$200,50% Off
EasyClip,EC455 With Magnetic Clip-On Lens,$115.74,$209.98,45% Off
Takumi,TK1017 With Magnetic Clip-On Lens,$115.74,$209.98,45% Off
Burberry,BE2205,$311,N/A,
Kate Spade,Renne,$245,N/A,
Oakley Youth,Top Level,$123,,
Gucci,GG1429O,$200,$400,50% Off
Ray-Ban,RB7210,$155.40,$222,30% Off
Ray-Ban,RB6487,$189,N/A,
Burberry,BE2334 Elm,$296,N/A,
Oakley,Socket TI,$318,N/A,N/A
Versace,VE3315,$128,$256,50% Off
Dolce & Gabbana,DG3365,$144,$288,50% Off
O'Neill,Isla,$139,N/A,
Dolce & Gabbana,DG1341B,$171.50,$343,50% Off
Ray-Ban,RB7199,$235,N/A,
O'Neill,Rocko,$139,N/A,
Versace,VE3356,$242.20,$346,30% Off
Pepe Jeans,PJ 3283,$131.16,$174.88,25% Off
Ray-Ban,RB5446F,$186,N/A,
Randy Jackson,RJ 1066,$93.50,$187,50% Off
Gucci,GG1341O,$259.25,$305,15% Off
Tura,R557,$145.90,$182.38,20% Off
Ray-Ban,RB7211,$189,N/A,
Guess,GM50008,$128.50,$257,50% Off
Kate Spade,Bronwen,$240,N/A,
Oakley Youth,Bunt,$123,N/A,
Oakley,Slender,$297,N/A,
Oakley,Upturn,$215,N/A,N/A
Lucky Brand Kids,D713-Children's,$156.80,$196,20% Off
Gucci,GG1729O,$314.50,$370,15% Off
Ray-Ban Junior,RY9097V Elliot Optics Kids,$87,N/A,
Polo,PH1157,$194,N/A,
Stetson,OFF ROAD 5062,$93.69,$187.38,50% Off
Burberry,BE2378-Ellis,$154.50,$309,50% Off
Guess,GU2912,$110.50,$221,50% Off
Ray-Ban,RB7066,$176,N/A,
Jill Stuart,JS 382,$131.85,$188.36,30% Off
Ray-Ban,RB5198,$193.90,$277,30% Off
Ray-Ban Junior,RY1586,$98,N/A,
GX by Gwen Stefani,GX041 LILIAS,$169.88,N/A,
Oakley Youth,Full Count,$135,N/A,
Versace,VE1264,$286,N/A,
Jones New York,J138-Petite,$156.80,$196,20% Off
Oakley,Dehaven,$242,N/A,
Stetson,Stetson 347,$97.44,$194.88,50% Off
Burberry,BE2386,$154.50,$309,50% Off
Guess,GU2874,$113.50,$227,N/A
Gucci,GG1274O,$295,$590,50% Off
Versace,VE3344F,$228.20,$326,30% Off
Persol,PO2488V,$177,$354,50% Off
Jill Stuart,JS 362,$131.85,$188.36,30% Off
Burberry,BE2255Q,$358,N/A,N/A
Stetson,Stetson 319,$97.44,$194.88,50% Off
Lulu Guinness,L893,$163.10,$271.83,40% Off
Guess,GM50017,$142,$284,50% Off
Polo Kids,PP8036,$114,N/A,
Via Spiga,Drina,$104.94,$209.88,50% Off
Guess,GU2980,$113.50,$227,50% Off
Modo,7005,$315,N/A,
Gucci,GG1075OA - Alternate Fit,$322,$460,30% Off
Takumi,TK1037 With Magnetic Clip-On Lens,$115.74,$209.98,45% Off
Oakley,Crosslink - Alternate Fit,$187,N/A,
Ralph Lauren,RL5089,$230,N/A,
Spy,Weston,$280,N/A,
Gucci,GG1082O,$463.25,$545,15% Off
Stetson,Stetson 333,$97.44,$194.88,50% Off
ED Ellen Degeneres,O-20,$169,N/A,
Elle,EL 13409,$109.20,$182,40% Off
Ray-Ban,RB5397F - Elliot Optics Alternate Fit,$210,N/A,
Kate Spade,Acerra,$245,,
Ray-Ban,RB2242VF,$198,N/A,
Gucci,GG1424O,$365.50,$430,15% Off
Guess,GU50120,$113.50,$227,50% Off
Ducks Unlimited,Wilson,$86.87,$144.79,40% Off
Gucci,GG1466OA,$488.75,$575,15% Off
Jill Stuart,JS 356,$131.85,$188.36,30% Off
Ray-Ban,RB7240M - Scuderia Ferrari Collection,$249,N/A,
Gucci,GG1423O,$420.75,$495,15% Off
Ray-Ban,RB6509,$198,N/A,
Ted Baker,B732,$195.25,$325.42,40% Off
Puma,PU0064O,$191.82,N/A,
Nike,7243,$179.90,$257,30% Off
Persol,PO3301V,$171,$342,50% Off
Via Spiga,Fiona,$104.94,$209.88,N/A
Kate Spade,Brylie,$168,$240,30% Off
Versace,VE1275,$286,N/A,
Lafont Kids,Victor,$325,N/A,
Burberry,BE2417,$327,N/A,
Via Spiga,Elena,$104.94,$209.88,50% Off
Jill Stuart,JS 378,$131.85,$188.36,30% Off
Burberry,BE2417F,$327,N/A,
Burberry,BE 1375,$327,,
Guess,GM50011,$121.50,$243,50% Off
Puma,PJ0009O - Kids,$95.22,N/A,
GX by Gwen Stefani,GX037 IONE,$169.88,N/A,
Vera Bradley,Mariah,$174.69,N/A,
Kate Spade,DOVE/G,$245,N/A,
Gucci,GG0692O,$395.25,$465,15% Off
Kate Spade,PIXIE,$175,N/A,
Ray-Ban,RB6512,$155.40,$222,30% Off
Takumi,TK1043 Kids,$83.74,$129.98,36% Off
XXL,Bearcat,$91.19,$182.38,50% Off
Stetson,Stetson Zylo-Flex 720,$108.69,$217.38,50% Off
Kate Spade,Brieana,$255,N/A,
Guess,GU2984,$113.50,$227,50% Off
Kate Spade,Jabria,$245,N/A,
Guess,GU50154-D,$92.70,$184,50% Off
Ray-Ban,RB0707VM,$124.50,$249,50% Off
Armani Exchange,AX3027F - Alternate Fit,$96.60,$138,30% Off
Kate Spade,Eliana/G,$255,N/A,
Kate Spade,AMABELLA/G,$245,,
Lafont,Socrate,$445,N/A,
Ray-Ban,RB7330F,$166,N/A,
Burberry,BE2384F,$154.50,$309,50% Off
Ray-Ban Junior,RB1632,$82,N/A,
Cazal,6020,$612.50,N/A,
Guess,GU50135,$104,$208,50% Off
Stetson,OFF ROAD 5052,$93.69,$187.38,50% Off
Kate Spade,Kamila,$230,N/A,
Guess,GU50197,$115,$230,50% Off
Ray-Ban,RB7185,$162,N/A,
Fatheadz,Rain King,$63.10,$110,43% Off
Harley-Davidson,HD0752,$120,$200,40% Off
Original Penguin,The Princeton,$174.31,$218,20% Off
EasyClip,EC421 With Magnetic Clip-On Lens,$115.74,$209.98,45% Off
Guess,GU50045,$113.50,$227,50% Off
Burberry,BE1340,$137.50,$275,50% Off
Kate Spade,Wanda,$195,N/A,
Ray-Ban Junior,RB1053,$126,N/A,
Burberry,BE1308,$145,$290,50% Off
Ray-Ban,RB5150,$177,N/A,
Burberry,BE2423D,$390,N/A,
Dolce & Gabbana,DG3407,$422,N/A,
Guess,GU50082,$96,$192,50% Off
Guess,GU50243,$113,$226,50% Off
Kate Spade,Arabel,$240,N/A,
Stetson,OFF ROAD 5054,$93.69,$187.38,50% Off
Guess,GU50198,$115,$230,50% Off
Oakley,Bat Flip,$187,N/A,
Ray-Ban,RB3925V,$155.40,$222,30% Off
Burberry,BE1347,$146.50,$293,50% Off
Lulu Guinness,L895,$163.10,$271.83,40% Off
Takumi,TK1022 With Magnetic Clip-On Lens,$115.74,$209.98,45% Off
Guess,GU2813,$92,$184,50% Off
Vera Bradley Kids,Joni,$126.39,N/A,
Stetson,Stetson 345,$97.44,$194.88,50% Off
Guess,GU2658,$117.50,$235,50% Off
Guess,GU2992-D,$92.70,$184,50% Off
GX by Gwen Stefani,GX002 ELISA,$169.88,N/A,
Via Spiga,Raffaella,$104.94,$209.88,50% Off
Esprit,ET 17446,$105,$175,40% Off
Persol,PO3263V,$363,,
Guess,GU2974,$105.50,$211,50% Off
Dolce & Gabbana,DG5087,$158,$316,50% Off
Ray-Ban,RB1621,$87,,
EasyClip,EC430 Children's No Clip-On Lens,$83.74,$129.98,36% Off
Stetson,Stetson 328,$97.44,$194.88,50% Off
Kate Spade,Madisyn/G,$168,$240,30% Off
Tura,R602,$280,$350,20% Off
B.M.E.C. Big Mens,Big Show,$104.99,$209.97,50% Off
Dolce & Gabbana,DG3375B,$393,,
Takumi,TK993 With Magnetic Clip-On Lens,$115.74,$209.98,45% Off
Burberry,BE2369,$146.50,$293,50% Off
Takumi,TK1068 With Magnetic Clip-On Lens,$115.74,$209.98,45% Off
Stetson,Stetson 342,$97.44,$194.88,50% Off
Ray-Ban Junior,RY1530,$110,N/A,
Jones New York,J528,$168,$210,20% Off
Ray-Ban,RB3734V,$189,N/A,
Burberry,BE2306,$124,$248,50% Off
Burberry,BE2377-Bailey,$169,$338,50% Off
Kate Spade,HALLIE/G,$245,N/A,
Burberry,BE1366,$154.50,$309,50% Off
Tura,R130,$191.90,$239.88,20% Off
Persol,PO1005V,$163.50,$327,50% Off
Persol,PO3294V,$273.70,$391,30% Off
Stetson,OFF ROAD 5042,$93.69,$187.38,50% Off
Vera Bradley,Eva-Petite,$174.69,N/A,
Dolce & Gabbana,DG3395,$422,N/A,
EasyClip,EC470 With Magnetic Clip-On Lens,$115.74,$209.98,N/A
Gucci,GG0013O,$425,$500,15% Off
Ray-Ban,RB5430,$210,N/A,
Vogue,VO5224,$73,$146,50% Off
Stetson,Stetson XL 18,$97.44,$194.88,50% Off
Oakley,Pitchman R,$255,,
Jill Stuart,JS 355,$131.85,$188.36,30% Off
Original Penguin,The Elliot,$174.31,$218,20% Off
Guess,GU2918-D,$108,$216,50% Off
Persol,PO3309V,$185,$370,50% Off
EasyClip,EC371 With Magnetic Clip-On Lens,$115.74,$209.98,45% Off
Stetson,OFF ROAD 5053,$87.44,$174.88,50% Off
Modo,4226,$335,N/A,
Persol,PO3092V,$333,,
Ray-Ban,RB8780D,$276,N/A,
Ray-Ban,RB6466,$222,N/A,
Dolce & Gabbana,DG1309,$300,N/A,
Modo,7014,$315,N/A,
Hackett,HEK 1159,$179.89,$199.88,10% Off
Ray-Ban,RB7047,$176,N/A,
Ray-Ban,RB5315D,$207,,
Ray-Ban,RB6444,$123.20,$176,30% Off
Oakley,Addams 0.5,$227,N/A,
Tura,R214,$145.90,$182.38,20% Off
Burberry,BE2368F,$154.50,$309,50% Off
Takumi,TK1058 With Magnetic Clip-On Lens,$115.74,$209.98,45% Off
Kate Spade,Taya,$240,,
Dolce & Gabbana,DG3354,$335,N/A,
Vogue,VO4094,$133,N/A,
Hackett,HEB 162-Bespoke,$242.89,$269.88,10% Off
Ray-Ban,RB3733V,$189,N/A,
Ray-Ban,RB6482D,$118,$236,50% Off
Via Spiga,Sebastiana,$104.94,$209.88,50% Off
Vera Wang,Eden,$236,$295,20% Off
Kate Spade,Maci,$240,,
Oakley,Gauge 3.1,$222.60,$318,30% Off
Gucci,GG0566ON,$343,$490,30% Off
Kenneth Cole,KC0771,$100,$200,50% Off
Persol,PO3292V,$185,$370,50% Off
Ted Baker,B246,$177.49,$295.82,40% Off
Guess,GU2725,$97.50,$195,N/A
Stetson,OFF ROAD 5045,$93.69,$187.38,50% Off
Armani Exchange,AX3029,$92.40,$132,30% Off
Kate Spade,JERI/F,$240,N/A,
Burberry,BE2387F,$154.50,$309,50% Off
Burberry,BE1337,$137.50,$275,50% Off
Oakley,Sway Bar,$387,N/A,
Lulu Guinness,L890,$163.10,$271.83,40% Off
Gucci,GG0093O,$314.50,$370,15% Off
Ray-Ban,RB7205M - Scuderia Ferrari Collection,$235,N/A,
Oakley Youth,Quad Out (Low Bridge Fit),$135,N/A,
Kate Spade,KS ORA,$240,N/A,
Randy Jackson,RJ 1929,$93.50,$187,50% Off
Gucci,GG0799O,$403.75,$475,15% Off
Ray-Ban,RB8903,$276,N/A,
Lucky Brand Kids,D709-Children's,$168,$210,20% Off
Burberry,BE1367,$154.50,$309,50% Off
Randy Jackson,RJ 1085,$93.50,$187,50% Off
Ray-Ban,RB5430F,$210,N/A,
Stetson,Stetson 339,$97.44,$194.88,50% Off
Versace,VE3285,$141.50,$283,50% Off
Gizmo Rubber,GZ 1008,$91.02,$101.14,N/A
Burberry,BE1373,$233.80,$334,30% Off
Ray-Ban,RB7216 - New Clubmaster Optics,$222,N/A,
ECO,Angara,$209.25,N/A,
Jill Stuart,JS 368,$131.85,$188.36,30% Off
Dolce & Gabbana,DG1290,$158,$316,50% Off
Ray-Ban Junior,RB1058,$93,N/A,
Easytwist Kids,ET976 Kids No Clip-On Lens,$77.99,$129.98,40% Off
Guess,GU2950,$122.50,$175,30% Off
Nike,7117,$175.20,$219,20% Off
ED Ellen Degeneres,O-01,$185,N/A,
Ray-Ban,RB6489,$210,N/A,
Kate Spade,NATALY,$168,$240,30% Off
O'Neill,Sawyer,$139,N/A,
Burberry,BE2410F,$217.70,$311,30% Off
Dolce & Gabbana,DG3409,$451,N/A,
Ray-Ban,RB8783D,$249,N/A,
XXL,Terrapin,$88.69,$177.38,50% Off
Gucci,GG1572O,$289,$340,15% Off
Oakley Youth,Cartwheel,$123,N/A,
Modo,4500,$335,N/A,
Costa,Forest Reef 210,$125,$250,50% Off
Guess,GU50256-D,$110.50,$221,50% Off
B.M.E.C. Big Mens,Big Tour,$104.99,$209.97,50% Off
Dolce & Gabbana,DG3353,$221.20,$316,30% Off
Original Penguin,The Saul,$174.31,$218,20% Off
Ted Baker,B243,$149.90,$249.83,40% Off
EasyClip,EC428 With Magnetic Clip-On Lens,$115.74,$209.98,45% Off
Randy Jackson,RJ 3043,$93.50,$187,50% Off
Ted Baker,B239,$177.49,$295.82,40% Off
Guess,GU50118,$115,$230,50% Off
Modo,4416,$335,N/A,
B.M.E.C. Big Mens,Big Surf,$104.99,$209.97,50% Off
Ray-Ban Junior,RY1555,$122,N/A,
Dolce & Gabbana,DG3268,$224,$320,30% Off
EasyClip,EC407 With Magnetic Clip-On Lens,$115.74,$209.98,45% Off
Oakley,Knolls,$187,N/A,
Ray-Ban,RB7144,$249,N/A,
Randy Jackson,RJ 1065,$93.50,$187,50% Off
GX by Gwen Stefani,GX031 ELAM,$135.90,N/A,
Ray-Ban,RB6529,$189,N/A,
Oakley,Sunder,$196,$280,30% Off
Guess,GU50201-D,$92.70,$184,50% Off
Gucci,GG1428O,$365.50,$430,15% Off
Takumi,TK933 With Magnetic Clip-On Lens,$115.74,$209.98,45% Off
Persol,PO1001V,$163.50,$327,50% Off
Burberry,BE2378F-Ellis,$327,,
Guess,GU50007-D,$115,$230,50% Off
Aristar,AR 16377,$97.50,$125,22% Off
Dolce & Gabbana,DG3379,$259.70,$371,30% Off
Dolce & Gabbana,DG3365,$144,$288,N/A
Polo Kids,PP8529,$79.80,$114,30% Off
Gucci,GG0004ON,$327.25,$385,15% Off
Ray-Ban,RB6507M Optics Scuderia Ferrari Collection,$174.30,$249,30% Off
Ray-Ban Junior,RB9075V,$82,N/A,
Armani Exchange,AX3016,$92.40,$132,30% Off
Ray-Ban,RB6414,$189,N/A,
Ted Baker,B741,$195.25,$325.42,40% Off
Tura,R566,$145.90,$182.38,20% Off
B.M.E.C. Big Mens,Big Champ,$104.99,$209.97,50% Off
Ray-Ban,RB3807VM,$317,N/A,N/A
L.A.M.B.,LA028 - LIU,$234.88,N/A,
Ray-Ban,RB5228,$222,N/A,
Guess,GU50145,$97.50,$195,50% Off
Stetson,Stetson 313,$97.44,$194.88,50% Off
Dolce & Gabbana,DG3367,$171.50,$343,50% Off
Ray-Ban Junior,RY1535,$122,N/A,
Lafont Kids,Tobogan,$319,N/A,
Versace,VE3366,$450,N/A,
Brooks Brothers,BB 1044,$215,N/A,
Gucci,GG1222O,$423.50,$605,30% Off
Burberry,BE1282,$311,N/A,
Ray-Ban,RB7222M,$235,N/A,
Oakley,Burrow,$442,N/A,
Nike,7240,$233.60,$292,20% Off
Lulu Guinness,L917,$179.42,$299.03,40% Off
Guess,GU50018,$104,$208,50% Off
GX by Gwen Stefani,GX032 ELENI,$169.88,N/A,
B.M.E.C. Big Mens,Big Cheese,$104.99,$209.97,50% Off
Original Penguin Jr.,The Curtis Jr,$146.40,$183,20% Off
Kate Spade,ELODIE,$175,,
Ted Baker,B877UF,$155.29,$258.82,N/A
Burberry,BE1352D,$309,N/A,
Ray-Ban,RB7230,$249,N/A,
Guess,GM50006,$142,$284,50% Off
Lafont Kids,Cirque,$319,N/A,
Kate Spade,Everleigh,$230,,
Modo,7010,$315,N/A,
Guess,GU2979,$113.50,$227,50% Off
Oakley,Plazlink,$242,,
Persol,PO3143V,$333,,
Gucci,GG0165ON,$340,$400,15% Off
Gucci,GG1414O,$488.75,$575,15% Off
Easytwist N Clip,CT257 With Magnetic Clip-On Lens,$130.79,$217.98,N/A
Oakley Youth,Crosslink XS,$135,N/A,
Lafont Kids,Alinea,$209,N/A,
Aristar,AR 16250,$58.64,$75,22% Off
Gucci,GG1584O,$259.25,$305,15% Off
Aristar,AR 16220,$78,$100,22% Off
Armani Exchange,AX3027,$96.60,$138,30% Off
Persol,PO3337V,$348,,
Kate Spade,GAIA,$225,N/A,
Coach,HC6078,$232,N/A,
Burberry,BE2386F,$216.30,$309,30% Off
Tura,R534,$145.90,$182.38,20% Off
Polo Kids,PP8526,$114,N/A,
Kate Spade,Lucyann,$161,$230,30% Off
Dolce & Gabbana,DG3381,$240.10,$343,30% Off
Vera Bradley Kids,Katie,$126.39,N/A,
Easytwist N Clip,CT227 With Magnetic Clip-On Lens,$130.79,$217.98,40% Off
Stetson,OFF ROAD 5060,$93.69,$187.38,50% Off
Ray-Ban,RB6441,$210,N/A,
Dolce & Gabbana,DG3363F,$144,$288,50% Off
EasyClip,EC468 With Magnetic Clip-On Lens,$115.74,$209.98,45% Off
Argyleculture,Adderley,$156.29,N/A,
Swarovski,SK2018,$261,N/A,
Guess,GU5222,$115,$230,50% Off
Via Spiga,Pietra,$104.94,$209.88,50% Off
Original Penguin,The Stewart,$174.31,$218,20% Off
Oakley,Overhead,$172,N/A,
Oakley Youth,Field Marsh,$135,N/A,
Armani Exchange,AX3050,$92.40,$132,30% Off
Caterpillar,CTO-Chisel,$118.15,$139,15% Off
Kate Spade,Atalina,$171.50,$245,30% Off
Randy Jackson,RJ 1916,$93.50,$187,50% Off
Burberry,BE2382D,$154.50,$309,50% Off
Ray-Ban,RB3751V,$189,N/A,
Ray-Ban,RB3957V - Julie,$94,$188,50% Off
Easytwist Kids,ET 991 Kids No Clip-On Lens,$77.99,$129.98,40% Off
Vera Bradley Kids,Whitley,$126.39,N/A,
Gucci,GG1133O,$327.25,$385,15% Off
Dolce & Gabbana,DG1353,$297.50,$425,30% Off
Takumi,TK926 With Magnetic Clip-On Lens,$115.74,$209.98,45% Off
Via Spiga,Leona,$104.94,$209.88,50% Off
Ted Baker,B723,$177.49,$295.82,40% Off
O'Neill,Bolen,$139,N/A,
Oakley Youth,Milestone XS,$135,N/A,
Gucci,GG0131O,$476,$560,15% Off
Kate Spade,Massy,$175,N/A,
Ray-Ban,RB5445,$186,N/A,
Ray-Ban,RB5154 Clubmaster,$222,,
Ray-Ban,RB6645,$210,N/A,N/A
Ray-Ban,RB5418F,$198,N/A,
Oakley,Spindrift RX,$227,N/A,
Cremieux,DOM,$118.50,$197.50,40% Off
Kate Spade,LEOTA/G,$245,N/A,
Via Spiga,Rosaria,$104.94,$209.88,50% Off
Polo,PH1147,$222,N/A,
Ray-Ban,RB6513,$249,N/A,
Burberry,BE2415,$327,N/A,
Versace,VE3375,$286,N/A,
Polo,PH2083,$201,N/A,
Flexon,Collins 600,$192,$240,20% Off
Kate Spade,Emmalee,$245,,
Guess,GU2850,$123.20,$176,30% Off
Vera Bradley,Grace,$174.69,N/A,
Michael Kors,MK3024,$78,$156,50% Off
Gucci,GG1138O,$327.25,$385,15% Off
Elle,EL 13455,$109.20,$182,40% Off
Oakley Youth,Kick Over,$135,N/A,
Ray-Ban Junior,RB1598,$93,N/A,
Ray-Ban,RB5279,$222,N/A,
Gucci,GG1539O,$314.50,$370,15% Off
Original Penguin,The Falken RX,$174.31,$218,20% Off
Ray-Ban,RB7213M - Scuderia Ferrari Collection,$300,N/A,
Burberry,BE2418U,$390,N/A,
Guess,GU2978,$97.50,$195,50% Off
Guess,GU50094,$96,$192,50% Off
Ann Taylor,AT328,$134.93,$224.88,40% Off
Persol,PO2410VJ,$363,N/A,
Anna Sui,AS197,$129.92,$199.88,35% Off
Burberry,BE2359,$146.50,$293,50% Off
Stetson,OFF ROAD 5057,$93.69,$187.38,50% Off
XXL,Hawkeye,$91.19,$182.38,50% Off
Randy Jackson,RJ 1078,$93.50,$187,50% Off
Oakley,Trajectory,$297,N/A,
Randy Jackson,RJ 1049,$93.50,$187,50% Off
Oakley,Hex Jector (TruBridge),$187,,
Flexon,Hepburn,$128.70,$160.88,20% Off
Oakley,Wingfold EVR,$318,N/A,
Stetson,OFF ROAD 5064,$93.69,$187.38,50% Off
Guess,GU50003,$96,$192,50% Off
Stetson,Stetson 303,$97.44,$194.88,50% Off
Gucci,GG1290O,$488.75,$575,15% Off
Gucci,GG1157O,$391,$460,15% Off
Burberry,BE1392,$421,N/A,
Lafont Issy & La,Toujours,$359,N/A,
Gucci,GG1343O,$259.25,$305,15% Off
Ray-Ban,RB3447VM,$210,N/A,
Burberry,BE2391,$154.50,$309,50% Off
Ducks Unlimited,Gunny,$93.77,$156.29,40% Off
EasyClip,EC447 With Magnetic Clip-On Lens,$115.74,$209.98,45% Off
Stetson,OFF ROAD 5051,$93.69,$187.38,50% Off
Stetson,Stetson 340,$97.44,$194.88,50% Off
Via Spiga,Ida,$104.94,$209.88,50% Off
EasyClip,EC343-With Magnetic Clip-On Lens,$115.74,$209.98,45% Off
B.M.E.C. Big Mens,Big Venture,$104.99,$209.97,50% Off
Stetson,Stetson 318,$97.44,$194.88,50% Off
Guess,GU50173,$97.50,$195,50% Off
Ray-Ban Junior,RY1554,$110,,
L.A.M.B.,LA035 - Coralie,$224.88,N/A,
Guess,GU1993,$100,$200,50% Off
Gucci,GG1003O,$365.50,$430,N/A
Oakley,Limit Switch,$318,N/A,
Kate Spade,Emelyn,$175,$250,30% Off
Oakley,Crosslink Youth - Alternate Fit,$137.60,$172,20% Off
Modo,6512,$265,N/A,
Guess,GU2957,$115,$230,50% Off
Persol,PO3281V,$185,$370,50% Off
Oakley,Enigma Ink,$255,N/A,
Emporio Armani,EA3099,$172,N/A,
Guess,GU50247,$96,$192,50% Off
Stetson,Stetson XL 19,$97.44,$194.88,50% Off
Vogue,VO5224,$73,$146,N/A
Takumi,TK1077 With Magnetic Clip-On Lens,$115.74,$209.98,45% Off
Burberry,BE2340 Bolton,$296,N/A,
Kate Spade,Luella,$240,,
Nike,7092,$188.80,$236,20% Off
Modo,6523,$265,N/A,
Guess,GU2965,$96,$192,50% Off
EasyClip,EC442 With Magnetic Clip-On Lens,$115.74,$209.98,45% Off
Guess,GU50184,$85,$170,50% Off
Esprit,ET 17445,$105,$175,40% Off
Oakley,Alias,$187,N/A,
Via Spiga,Loretta,$104.94,$209.88,50% Off
Kate Spade,POSI,$245,N/A,
Kate Spade,KATTALIN/F,$240,,
Tura,R128,$175.90,$219.88,20% Off
Ted Baker,B352,$195.25,$325.42,N/A
Via Spiga,Letizia,$104.94,$209.88,50% Off
Ray-Ban,RB1971V Icons,$89.50,$179,50% Off
Versace,VE3274B,$346,,
Dolce & Gabbana,DG5062,$109.50,$219,50% Off
Kate Spade,Tianna,$240,N/A,
Burberry,BE1369TD,$154.50,$309,50% Off
Guess,GU50181,$104,$208,50% Off
Totally Rimless,Accolade 261,$174.69,N/A,
Versace,VE3340U,$326,,
Vera Bradley,Marcella S.,$174.69,N/A,
Via Spiga,Casimira,$104.94,$209.88,50% Off
Takumi,TK921 With Magnetic Clip-On Lens,$115.74,$209.98,45% Off
Takumi,TK1047 With Magnetic Clip-On Lens,$115.74,$209.98,N/A
Oakley,Double Down,$242,N/A,
Ray-Ban,RB5406,$189,N/A,
Costa,Mariana Trench 100,$140,$200,30% Off
Jill Stuart,JS 375,$131.85,$188.36,30% Off
Polo,PH1179,$222,,
Burberry,BE1386,$257.60,$368,30% Off
Kate Spade,LUCINDA,$240,,
Via Spiga,Carmella,$104.94,$209.88,50% Off
Burberry,BE2316,$137.50,$275,50% Off
Tory Burch,TY2064,$259,N/A,
Ray-Ban,RB8955,$111.50,$223,50% Off
Guess,GU50162,$92.70,$184,50% Off
Tura,R560,$175.90,$219.88,20% Off
Dolce & Gabbana,DG3413,$422,N/A,
Jill Stuart,JS 376,$131.85,$188.36,30% Off
Timberland,TB1589,$93.10,$178,48% Off
Ray-Ban,RB7025,$210,N/A,
Ray-Ban,RB5383,$210,N/A,
Via Spiga,Brigida,$104.94,$209.88,50% Off
Polo,PH1175,$181,N/A,
Sferoflex,SF2201,$49,$98,50% Off
Dolce & Gabbana,DG5072,$124,$248,50% Off
Tory Burch,TY2079,$247,N/A,
Takumi,TK1045 Kids,$83.74,$129.98,36% Off
Gucci,GG0738O,$425,$500,15% Off
Costa,Forest Reef 200,$125,$250,50% Off
Burberry,BE2201,$265,N/A,
Lulu Guinness,L206,$179.42,$299.03,40% Off
EasyClip,EC414 With Magnetic Clip-On Lens,$115.74,$209.98,45% Off
Takumi,TK908 With Magnetic Clip-On Lens,$115.74,$209.98,45% Off
Flexon,Nathaniel 600,$192,$240,20% Off
Nike,5538,$132,$165,20% Off
Guess,GU50191,$104,$208,50% Off
Ray-Ban Junior,RY9075VF - Alternate Fit,$57.40,$82,30% Off
Gucci,GG1731O,$463.25,$545,15% Off
ED Ellen Degeneres,O-17,$169,N/A,
Versace,VE1247,$346,,
Jones New York,J356,$168,$210,20% Off
Ralph Lauren,RL6135,$108.50,$217,50% Off
Jill Stuart,JS 381,$131.85,$188.36,30% Off
Hackett,HEK 1205,$179.89,$199.88,10% Off
Oakley,Sway Bar 0.5,$387,N/A,
Oakley,Clubface,$276,N/A,
Guess,GM50012,$125.50,$251,50% Off
Guess,GU2985,$104,$208,50% Off
Ray-Ban,RB3749V,$210,N/A,
Versace,VE3335,$155,$310,50% Off
Sferoflex,SF1144,$84.70,$121,30% Off
Aristar,AR 16236,$78,$100,22% Off
Costa,Mariana Trench 310,$94.50,$189,50% Off
Kate Spade,KS ZEENA 2/G,$240,N/A,
Kate Spade,LELIA,$230,,
Burberry,BE1370D,$154.50,$309,50% Off
Lucky Brand,D404,$151.20,$189,20% Off
EasyClip,EC424 With Magnetic Clip-On Lens,$115.74,$209.98,45% Off
Kate Spade,LUELLA/F,$240,N/A,
Burberry,BE1382D,$236.60,$338,30% Off
Argyleculture,Bono,$156.29,N/A,
Stetson,Stetson 302,$97.44,$194.88,50% Off
Oakley,Centerboard,$187,,
Ray-Ban,RB7085,$100.10,$143,30% Off
Oakley Youth,Aglow,$135,N/A,
Oakley,Pitchman (Low Bridge Fit),$255,N/A,
Ducks Unlimited,Slingshot,$93.77,$156.29,40% Off
B.M.E.C. Big Mens,Big Bolt,$104.99,$209.97,50% Off
Kate Spade,Aila,$175,,
Burberry,BE2352F,$327,N/A,
Gucci,GG1193O,$488.75,$575,15% Off
Oakley,Socket TI,$318,N/A,
Dolce & Gabbana,DG3371F,$185.50,$371,50% Off
Oakley,Activate - Alternate Fit,$215,N/A,
Guess,GU50193,$113.50,$227,50% Off
Dolce & Gabbana,DG5077,$130.50,$261,50% Off
Ray-Ban,RB6528,$176,N/A,
Versace,VE3220,$122.50,$245,50% Off
Kate Spade,CORINA,$240,N/A,
Modo,6520,$265,N/A,N/A
Takumi,TK1041 Kids,$83.74,$129.98,36% Off
Persol,PO1010V,$171,$342,50% Off
Sferoflex,SF2265,$116,N/A,
Gucci,GG0038ON,$395.25,$465,15% Off
Ray-Ban Meta Gen 1,RW4006 - Wayfarer,$379,N/A,
EasyClip,EC425 With Magnetic Clip-On Lens,$115.74,$209.98,45% Off
Vera Bradley Kids,Merit,$126.39,N/A,N/A
Persol,PO3275V,$164,$328,50% Off
Sferoflex,SF9002,$190,N/A,
Versace,VE3294F - Alternate Fit,$189,$270,30% Off
Gucci,GG1319O,$365.50,$430,15% Off
Ray-Ban,RB6335,$210,N/A,N/A
Dolce & Gabbana,DG5084,$182.70,$261,30% Off
Stetson,OFF ROAD 5068,$93.69,$187.38,50% Off
Guess,GU50172,$97.50,$195,50% Off
Stetson,OFF ROAD 5067,$93.69,$187.38,50% Off
Ray-Ban,RB7017,$222,N/A,N/A
Versace,VE1304,$316,N/A,
Versace,VE1218,$286,N/A,
Ray-Ban Junior,RB9074V,$82,N/A,
B.M.E.C. Big Mens,Big Town,$104.99,$209.97,50% Off
Oakley,Ojector RX,$208,N/A,
Guess,GU8281,$88,$176,50% Off
Versace,VE1301,$368.20,$526,30% Off
Via Spiga,Elisa,$104.94,$209.88,50% Off
Via Spiga,Ofelia,$104.94,$209.88,50% Off
Persol,PO3355V,$363,N/A,
Kate Spade,ESTI,$205,N/A,
Dolce & Gabbana,DG3325,$163,$326,50% Off
Burberry,BE2430,$327,N/A,
Guess,GU2982,$104,$208,50% Off
Via Spiga,Stella,$104.94,$209.88,50% Off
Burberry,BE2255Q,$358,N/A,
Via Spiga,Fiorella,$104.94,$209.88,50% Off
Timberland,TB1594,$99.05,$197,50% Off
Dolce & Gabbana,DG1360,$316,N/A,
Oakley,Rhinochaser,$276,N/A,
Michael Kors,MK3018,$97,$194,50% Off
Modo,4222,$335,N/A,
Kate Spade,LAUREL,$240,N/A,
Versace,VE1284,$155,$310,50% Off
Burberry,BE1379D,$154.50,$309,50% Off
Ray-Ban,RB7225F,$124.60,$178,30% Off
L.A.M.B.,LA043 - Kaeli,$207.38,N/A,
O'Neill,Cruz,$139,N/A,
Ted Baker,B941,$126.43,$210.72,40% Off
Dolce & Gabbana,DG3419,$393,N/A,
Burberry,BE2354,$146.50,$293,50% Off
Dolce & Gabbana,DG3380,$393,N/A,
Burberry,BE2332F - Alternate Fit,$146.50,$293,50% Off
Gant,GA3084,$114.50,$229,50% Off
Via Spiga,Tomasia,$104.94,$209.88,50% Off
Oakley,Frogskins (Low Bridge Fit),$172,N/A,
Ray-Ban,RB5440,$189,N/A,
Dolce & Gabbana,DG3346,$171.50,$343,50% Off
Kate Spade,Dora,$122.50,$175,30% Off
Via Spiga,Ileana,$104.94,$209.88,50% Off
Via Spiga,Marcella,$104.94,$209.88,50% Off
Gucci,GG1297O,$423.50,$605,30% Off
Burberry,BE2421,$421,N/A,
Takumi,TK1064 With Magnetic Clip-On Lens,$115.74,$209.98,45% Off
Persol,PO3297V,$181.50,$363,50% Off
Dragon,DR132 Spencer,$183.60,$229.50,20% Off
Original Penguin,The Seventy RX,$174.31,$218,20% Off
ED Ellen Degeneres,O-02,$185,N/A,
Lacoste,L2707,$178.40,$223,20% Off
Dolce & Gabbana,DG3364F,$144,$288,50% Off
Guess,GU50115,$96,$192,50% Off
Takumi,TK931 With Magnetic Clip-On Lens,$115.74,$209.98,45% Off
Stetson,OFF ROAD 5065,$93.69,$187.38,50% Off
Guess,GU2878,$135.80,$194,30% Off
Ann Taylor,ATP803,$122.93,$204.88,40% Off
Burberry,BE2370U,$139.50,$279,50% Off
Stetson,Stetson XL 32,$97.44,$194.88,50% Off
Oakley,Top Spinner 5B,$172,N/A,
Kate Spade,Crishell,$240,,
Guess,GM50014,$121.50,$243,50% Off
Versace,VE1232,$128,$256,50% Off
Burberry,BE2318F - Alternate Fit,$133,$266,50% Off
Gucci,GG1299O,$413,$590,30% Off
Versace,VE3293,$256,N/A,
Aristar,AR 18642,$97.50,$125,22% Off
Guess,GM0399,$121.50,$243,50% Off
Ted Baker,B952,$121.99,$203.32,40% Off
Modo,6617,$315,N/A,
Ray-Ban,RB6497 Optics,$138.60,$198,30% Off
Dolce & Gabbana,DG1359,$335,N/A,
Ray-Ban,RB6520,$198,N/A,
Guess,GU50122,$104,$208,50% Off
Lulu Guinness,L205,$179.42,$299.03,40% Off
Ray-Ban,RB6511,$156.10,$223,30% Off
Flexon,E1111,$246.40,$308,20% Off
Guess,GU2956,$104,$208,50% Off
Ray-Ban,RB5422F,$198,N/A,
Burberry,BE2420,$421,N/A,
Kate Spade,KS Kinny/G,$240,N/A,
Burberry,BE2415F,$327,N/A,N/A
Takumi,TK942 With Magnetic Clip-On Lens,$115.74,$209.98,45% Off
Versace,VE3355U,$200.20,$286,30% Off
Lulu Guinness,L201,$179.42,$299.03,40% Off
Ray-Ban,RB7021,$88,$176,50% Off
B.M.E.C. Big Mens,Big Jake,$104.99,$209.97,50% Off
Oakley,Fuel Line,$91.50,$183,50% Off
Gucci,GG1694OA,$378.25,$445,15% Off
Gucci,GG0396O,$476,$560,15% Off
ECO,Glomma,$209.25,N/A,
Modo,4216,$335,N/A,
Dolce & Gabbana,DG5086,$124,$248,50% Off
Takumi,TK1034 With Magnetic Clip-On Lens,$115.74,$209.98,45% Off
Ray-Ban,RB3732V,$189,N/A,
Kate Spade,Adrie,$245,N/A,
Guess,GU2986,$101.50,$203,50% Off
Takumi,TK972 With Magnetic Clip-On Lens,$115.74,$209.98,45% Off
Oakley,Draw Up,$227,N/A,
Dolce & Gabbana,DG3366,$144,$288,50% Off
Sferoflex,SF2269,$128,N/A,
Cremieux,CHUKKA,$130.50,$217.50,40% Off
Ted Baker,B357,$288.49,$480.82,40% Off
Ray-Ban,RB2210V,$189,,
Kate Spade,HAZEN/F,$245,N/A,
Kate Spade,Leanna/G,$240,N/A,N/A
Takumi,TK1052 With Magnetic Clip-On Lens,$115.74,$209.98,45% Off
Versace,VE3373U,$316,N/A,
Ray-Ban,RB8954,$156.10,$223,30% Off
Dolce & Gabbana,DG3358,$185.50,$371,50% Off
Kate Spade,CLIO/G,$245,,
Versace,VE3330,$256,,
Guess,GU2673,$104,$208,50% Off
Ray-Ban Junior,RB9098V,$111,N/A,
Versace,VE1271,$286,N/A,
Kate Spade,Charlee,$245,,
EasyClip,EC470 With Magnetic Clip-On Lens,$115.74,$209.98,45% Off
Via Spiga,Gianna,$104.94,$209.88,50% Off
Kate Spade,TILLIE,$122.50,$175,30% Off
Via Spiga,Alda,$104.94,$209.88,50% Off
Oakley Youth,Full Turn,$67.50,$135,50% Off
Dolce & Gabbana,DG3368,$171.50,$343,50% Off
Kate Spade,Paityn/G,$245,,
Michael Kors,MK4047,$161,N/A,
B.M.E.C. Big Mens,Big Force,$104.99,$209.97,50% Off
L.A.M.B.,LA054 - Harley,$214.88,N/A,
O'Neill,Summer,$139,N/A,
B.M.E.C. Big Mens,Big Danger,$104.99,$209.97,50% Off
Randy Jackson,RJ 1050,$93.50,$187,50% Off
Gucci,GG1447O,$311.50,$445,30% Off
Randy Jackson,RJ Limited Edition X136,$99.50,$199,50% Off
Tura,R117,$175.90,$219.88,20% Off
Tura,R541,$191.90,$239.88,20% Off
Dolce & Gabbana,DG1323,$306,N/A,
John Varvatos,V162,$286.40,$358,N/A
Flexon,Clark 600,$192,$240,20% Off
Ray-Ban,RB3765V,$155.40,$222,30% Off
Dolce & Gabbana,DG5053,$126,$252,50% Off
Oakley,Gauge 7.2 Arch (TruBridge),$106.50,$213,50% Off
Kate Spade,AUBRIE,$122.50,$175,30% Off
Oakley,Limit Switch 0.5,$318,N/A,
Ray-Ban,RB6348D,$127.40,$182,30% Off
Stetson,Stetson 341,$97.44,$194.88,50% Off
O'Neill,Drop,$139,N/A,
Versace,VE3286,$141.50,$283,50% Off
Tura,R906,$141.90,$177.38,20% Off
Ray-Ban,RB7168D,$207,N/A,
Takumi,TK1013 With Magnetic Clip-On Lens,$115.74,$209.98,45% Off
Ray-Ban,RB5449D,$210,N/A,
Versace,VE3326U,$298,N/A,
Dolce & Gabbana,DG3343,$158,$316,50% Off
Vera Bradley,Antonia,$179.29,N/A,
L.A.M.B.,LA047 - Lina,$214.88,N/A,
Versace,VE3335F,$155,$310,50% Off
Dolce & Gabbana,DG3363,$306,,
Versace,VE3342,$316,,
Ray-Ban,RB7256,$210,N/A,
Kate Spade,Flavia,$250,N/A,N/A
Brooks Brothers,BB 2037,$172,N/A,
Guess,GU50229,$113.50,$227,50% Off
Puma,PU0184O,$136.62,N/A,
Ray-Ban,RB7680V,$344,N/A,
Lafont Kids,Tic,$295,N/A,
EasyClip,EC443 With Magnetic Clip-On Lens,$115.74,$209.98,45% Off
Oakley,Holbrook RX,$187,,
Oakley,Port Bow,$187,N/A,
Gucci,GG0424O,$395.25,$465,15% Off
ED Ellen Degeneres,O-06,$185,N/A,
Guess,GU2958,$104,$208,50% Off
Gucci,GG1344O,$259.25,$305,15% Off
Takumi,TK932-With Magnetic Clip-On Lens,$115.74,$209.98,45% Off
Ray-Ban,RB6284,$105,$210,50% Off
Gucci,GG0737O,$425,$500,15% Off
Stetson,Stetson XL 45,$97.44,$194.88,50% Off
Flexon,Benjamin 600,$192,$240,20% Off
O'Neill,Luna,$139,N/A,
Via Spiga,Tazia,$104.94,$209.88,50% Off
Original Penguin,The James,$174.31,$218,20% Off
Guess,GU50233,$104,$208,50% Off
Versace,VE3294,$300,N/A,
Guess,GM0390,$128.50,$257,50% Off
Dolce & Gabbana,DG5036,$335,N/A,
Versace,VE1279,$316,N/A,
Oakley,CTRLNK,$242,N/A,
Ted Baker,B895,$177.49,$295.82,40% Off
B.M.E.C. Big Mens,Big Loop,$104.99,$209.97,50% Off
Takumi,TK1018 With Magnetic Clip-On Lens,$115.74,$209.98,45% Off
Versace,VE3317,$128,$256,50% Off
Oakley Youth,Round Off,$123,N/A,N/A
Guess,GU2848,$97,$194,50% Off
L.A.M.B.,LA016 - LARA,$214.88,N/A,
Burberry,BE2385U,$139.50,$279,50% Off
Kate Spade,LIORA/G,$240,N/A,
Elle,EL 13398,$109.20,$182,40% Off
Gucci,GG1003O,$365.50,$430,15% Off
Stetson,Stetson 350,$97.44,$194.88,50% Off
Ray-Ban,RB5431F,$210,N/A,
Ray-Ban Junior,RY1588,$122,N/A,
Lafont Issy & La,Scoop,$349,N/A,
Persol,PO3314V,$157,$314,50% Off
Kate Spade,KS SHIANNE/G,$225,N/A,
Oakley,Ingress,$227,N/A,
Kate Spade,Irene,$245,N/A,
Ray-Ban,RB8772D,$155.50,$311,50% Off
Ray-Ban,RB7190,$162,,
Costa,Ocean Ridge 100,$161,N/A,
Lulu Guinness,L894,$163.10,$271.83,40% Off
Takumi,TK919 With Magnetic Clip-On Lens,$115.74,$209.98,45% Off
Guess,GU50190,$104,$208,50% Off
Versace,VE3311,$141.50,$283,50% Off
Gucci,GG1728O,$314.50,$370,15% Off
Gucci,GG1717O,$259.25,$305,15% Off
Costa,Ocean Ridge 110,$106.40,$152,30% Off
Costa,Forest Reef 200,$125,$250,N/A
Burberry,BE2416,$327,N/A,
Dolce & Gabbana,DG3305,$287.70,$411,30% Off
Versace,VE3345,$163,$326,50% Off
Gant,GA4081,$114.50,$229,50% Off
O'Neill,Coral,$139,N/A,
Guess,GM50007,$142,$284,50% Off
Guess,GU2879,$119,$238,50% Off
Ray-Ban Junior,RB1555,$115,N/A,
Persol,PO3347V,$452,N/A,
Randy Jackson,RJ 3037,$93.50,$187,50% Off
Takumi,TK917 With Magnetic Clip-On Lens,$115.74,$209.98,45% Off
Lulu Guinness,L211,$179.42,$299.03,40% Off
Vera Bradley,Carolyn,$174.69,N/A,
Versace,VE3334,$163,$326,50% Off
L.A.M.B.,LA025 - Lark,$214.88,N/A,
Versace,VE3362U,$357,N/A,
Nike,5538,$132,$165,N/A
Persol,PO3246V,$147,$294,50% Off
Guess,GU50087-D,$92.70,$184,50% Off
Ray-Ban,RB5433,$178,N/A,
B.M.E.C. Big Mens,Big Dude,$104.99,$209.97,50% Off
Gucci,GG0385OA - Alternate Fit,$378.25,$445,15% Off
Anna Sui,AS198,$129.92,$199.88,35% Off
Burberry,BE2255QF - Alternate Fit,$160.50,$321,50% Off
Dolce & Gabbana,DG5044,$261,,
Trina Turk,Birdie,$195.50,N/A,
Guess,GU50130,$96,$192,50% Off
Gucci,GG0329O,$230,$460,50% Off
ECO,Isere,$195,N/A,
Vogue,VO4088,$167,N/A,
Oakley,Currency,$276,N/A,
Oakley Youth,Doting,$135,N/A,
Guess,GU2935,$96,$192,50% Off
Burberry,BE1354 Martha,$224.70,$321,30% Off
Lafont Kids,ABC,$319,N/A,
Ted Baker,B954,$121.99,$203.32,40% Off
Versace,VE3317F,$128,$256,50% Off
Polinelli Milano Readers,P301,$40,N/A,N/A
Ray-Ban,RB7153,$71.50,$143,50% Off
Tura,R535,$145.90,$182.38,20% Off
Hackett,HEB 182-Bespoke,$242.89,$269.88,10% Off
Dolce & Gabbana,DG5025,$306,N/A,
Armani Exchange,AX1018,$107.10,$153,30% Off
GX by Gwen Stefani,GX040 DIARA,$169.88,N/A,
Dolce & Gabbana,DG5077,$130.50,$261,N/A
Lulu Guinness,L779,$179.42,$299.03,40% Off
Burberry,BE2345 - Caroline,$296,,
Burberry,BE1391,$390,N/A,
Persol,PO1010V,$171,$342,N/A
Guess,GU2975,$105.50,$211,50% Off
Ray-Ban Junior,RY1612,$60.90,$87,30% Off
B.M.E.C. Big Mens,Big Muscle,$104.99,$209.97,50% Off
Sferoflex,SF1557B,$133,,
Burberry,BE1362 - Alma,$160.50,$321,50% Off
Persol,PO5005VT,$210,$420,50% Off
Guess,GU50116,$115,$230,50% Off
Versace,VE3261,$125.50,$251,50% Off
Burberry,BE2407,$294.70,$421,30% Off
Oakley,Latch TI,$176.50,$353,50% Off
Oakley,Cartridge,$318,N/A,
Armani Exchange,AX1017,$96.60,$138,30% Off
Jill Stuart,JS 354,$131.85,$188.36,30% Off
Ray-Ban,RB7023,$111,$222,50% Off
Guess,GU50187,$85.50,$167,49% Off
Gucci,GG1120O,$314.50,$370,15% Off
Ray-Ban,RB3637V - New Round Optics,$222,N/A,
Burberry,BE 2375,$139.50,$279,50% Off
Randy Jackson,RJ 1088,$93.50,$187,50% Off
Oakley Youth,Field Day Introspect Collection,$135,N/A,
Oakley Youth,Airdrop XS,$135,N/A,
Ray-Ban,RB7177,$176,N/A,
Ray-Ban,RB8421,$276,N/A,
Burberry,BE1374TD,$216.30,$309,30% Off
B.M.E.C. Big Mens,Big Town,$104.99,$209.97,N/A
Ray-Ban,RB7260,$210,N/A,
Kate Spade,Belen,$245,,
Kate Spade,Bari,$175,N/A,
Modo,7009,$315,N/A,
Vera Bradley Kids,Meadow,$126.39,N/A,
Ray-Ban,RB7075,$77,$154,50% Off
Gucci,GG0548O,$301,$430,30% Off
Via Spiga,Stella,$104.94,$209.88,N/A
Guess,GU50225,$96,$192,50% Off
Oakley,Plungeline,$187,N/A,
Takumi,TK906 No Clip-On Lens,$115.74,$209.98,45% Off
Modo,4509,$335,N/A,
B.M.E.C. Big Mens,Big Demand,$104.99,$209.97,50% Off
Ray-Ban,RB6472,$198,N/A,
Oakley,Wheel House,$242,N/A,
Tory Burch,TY2084,$228,N/A,
EasyClip,EC375 With Magnetic Clip-On Lens,$115.74,$209.98,45% Off
Persol,PO3331V,$185,$370,50% Off
Dolce & Gabbana,DG3387,$364,N/A,
Versace,VE1284,$155,$310,N/A
Ray-Ban,RB7215 Erik Optics,$155.40,$222,30% Off
Lafont,Camus,$445,N/A,
Dolce & Gabbana,DG1348,$158,$316,50% Off
Burberry,BE2387,$228.90,$327,30% Off
Ray-Ban,RB8755,$317,N/A,
ECO,Finlay,$210,N/A,
Ray-Ban Junior,RB9572V,$93,N/A,
Randy Jackson,RJ 1075,$93.50,$187,50% Off
Ray-Ban,RB0707V,$147,$210,30% Off
Versace,VE3338,$177,$354,50% Off
Versace,VE3309,$286,N/A,
EasyClip,EC445 With Magnetic Clip-On Lens,$83.74,$129.98,36% Off
Ray-Ban,RB5416D,$123.50,$247,50% Off
Burberry,BE2319,$137.50,$275,50% Off
Burberry,BE2332F - Alternate Fit,$146.50,$293,N/A
Ray-Ban,RB2199V - Orion Optics,$105,$210,50% Off
Kate Spade,Serenity/G,$240,N/A,
Polo,PH2123,$201,N/A,
Oakley,Seller,$222.60,$318,30% Off
Lulu Guinness,L882,$163.10,$271.83,40% Off
Oakley,Coupler,$242,N/A,N/A
Guess,GU50183,$96,$192,50% Off
Versace,VE3298B,$316,N/A,
Guess,GU2967,$104,$208,50% Off
Kate Spade,Emilyn,$255,N/A,
Vera Bradley,Andie,$179.29,N/A,
Kate Spade,Talulah,$225,N/A,
Ray-Ban,RB6465 Jack,$210,,
Oakley,Wire Tap 2.0 RX,$387,N/A,
Guess,GU2754,$104,$208,50% Off
Via Spiga,Bibiana,$104.94,$209.88,50% Off
Ray-Ban,RB8265V,$226,$452,50% Off
Versace,VE3339U,$247.80,$354,30% Off
EasyClip,EC456 With Magnetic Clip-On Lens,$115.74,$209.98,45% Off
Sferoflex,SF2263,$128,N/A,
Ray-Ban,RB7192M,$216,N/A,
Burberry,BE2376,$154.50,$309,50% Off
Versace,VE1066,$270,N/A,
Ray-Ban,RB7218 Kristin Optics Bio-Based,$124.60,$178,30% Off
Ray-Ban,RB6645,$210,N/A,
Via Spiga,Ginerva,$104.94,$209.88,50% Off
Ray-Ban Junior,RY1594,$46.50,$93,50% Off
Kate Spade,Rainey,$245,N/A,
Dolce & Gabbana,DG3377,$364,N/A,
Burberry,BE2353,$139.50,$279,50% Off
GX by Gwen Stefani Kids,GX808,$113.90,N/A,
Oakley,Admission (Low Bridge Fit),$176,N/A,
Oakley Youth,Sando,$135,N/A,
ECO,Yamuna,$209.25,N/A,N/A
Oakley,HSTN,$187,N/A,
Ray-Ban,RB7225,$132.30,$189,30% Off
Kate Spade,Laurianne,$171.50,$245,30% Off
Oakley Youth,Quad Out,$135,N/A,
GX by Gwen Stefani,GX035 BRIN,$169.88,N/A,
Burberry,BE1323,$327,N/A,
Ray-Ban,RB3958V,$138.60,$198,30% Off
Burberry,BE2172,$327,N/A,
Burberry,BE2411,$311,N/A,N/A
Gant,GA4083,$101,$202,50% Off
Ray-Ban Junior,RB1905,$87,N/A,
EasyClip,EC458 With Magnetic Clip-On Lens,$115.74,$209.98,45% Off
Takumi,TK1024 With Magnetic Clip-On Lens,$115.74,$209.98,45% Off
Gucci,GG1540O,$314.50,$370,N/A
L.A.M.B.,LA029 - Susa,$214.88,N/A,
Lafont,Genie,$419,N/A,
Versace,VE3378D,$316,N/A,
Ray-Ban Junior,RY1531,$122,N/A,
Jones New York,J357,$156.80,$196,20% Off
Oakley Youth,Whipback,$123,N/A,
Burberry,BE1344,$146.50,$293,50% Off
Takumi,TK975 With Magnetic Clip-On Lens,$115.74,$209.98,45% Off
Takumi,TK1027 With Magnetic Clip-On Lens,$115.74,$209.98,N/A
Ray-Ban,RB5431,$210,N/A,
Persol,PO9714VM - Folding,$422,N/A,
L.A.M.B.,LA040 - Royce,$214.88,N/A,
Persol,PO3325V,$393,,
GX by Gwen Stefani Kids,GX804,$113.90,N/A,
Kate Spade,ROSALIND/G,$240,,
Oakley,Exchange R,$242,N/A,N/A
Esprit,ET 17561,$105,$175,40% Off
Vera Bradley,Marisol,$179.29,N/A,
Coach,HC6054,$255,N/A,
Ray-Ban,RB7239F,$176,N/A,
EasyClip,EC405 With Magnetic Clip-On Lens,$115.74,$209.98,45% Off
Burberry,BE2373U-Angelica,$179,$358,50% Off
Persol,PO2491V,$150,$300,50% Off
Versace,VE1290,$163,$326,50% Off
Ray-Ban Junior,RB1636,$111,N/A,
Lafont,Nouvelle,$475,N/A,
Guess,GU50123,$101.50,$203,50% Off
Gucci,GG1205O,$302.50,$605,50% Off
Sferoflex,SF2262,$116,N/A,
Gucci,GG1597O,$327.25,$385,15% Off
Kenneth Cole,KC0803,$100,$200,50% Off
Gucci,GG1144O,$425,$500,15% Off
Takumi,TK903 No Clip-On Lens,$115.74,$209.98,45% Off
Hackett,HEK 1159,$179.89,$199.88,N/A
Jill Stuart,JS 370,$131.85,$188.36,30% Off
ECO,Desna,$209.25,N/A,
Gucci,GG0027O,$314.50,$370,15% Off
Takumi,TK1047 With Magnetic Clip-On Lens,$115.74,$209.98,45% Off
Ray-Ban,RB3681V,$153,N/A,
Via Spiga,Simonetta,$104.94,$209.88,50% Off
Gucci,GG0121O,$314.50,$370,15% Off
Persol,PO5002VT,$210,$420,50% Off
Ray-Ban,RB6396,$222,N/A,
Aristar,AR 18642,$97.50,$125,N/A
Bebe,BB5084,$192,$240,20% Off
Ray-Ban,RB6494 Optics,$237,N/A,
Kate Spade,Seline,$255,N/A,
Ray-Ban Meta Gen 2,RW4012 | Meta Wayfarer (Gen 2),$459,N/A,N/A
Kate Spade,Ilana,$250,,
Gucci,GG1448O,$416.50,$490,15% Off
Ray-Ban,RB3717V,$222,N/A,
Jill Stuart,JS 371,$131.85,$188.36,30% Off
Persol,PO3267V,$273,N/A,
Versace,VE3349U,$221.20,$316,N/A
Stetson,Stetson 309,$97.44,$194.88,50% Off
Ray-Ban Junior,RY1058,$98,N/A,
Versace,VE3363U,$300,N/A,
Via Spiga,Cressida,$104.94,$209.88,50% Off
Guess,GU50095,$96,$192,50% Off
Oakley,Pitchman - Alternate Fit,$255,N/A,
Gucci,GG0184O,$425,$500,15% Off
Kate Spade,Ninna/G,$245,N/A,
Versace,VE3377U,$346,N/A,
B.M.E.C. Big Mens,Big Curve,$104.99,$209.97,50% Off
Lulu Guinness,L899,$179.42,$299.03,40% Off
Ray-Ban,RB8953,$111.50,$223,50% Off
Burberry,BE2332,$146.50,$293,50% Off
Oakley Youth,Round Out,$135,N/A,
ED Ellen Degeneres,O-13,$185,N/A,
Oakley,NXTLVL,$242,N/A,
Gucci,GG1293OA,$416.50,$490,15% Off
Ray-Ban,RB8782,$479,N/A,
Lucky Brand,D214,$151.20,$189,20% Off
Dolce & Gabbana,DG3406,$422,N/A,
Original Penguin Jr.,The Elliot Jr.,$146.40,$183,20% Off
Burberry,BE2073,$249,N/A,
Oakley,Steel Plate,$255,N/A,
Persol,PO3334V,$393,N/A,
EasyClip,EC434 No Clip-On Lens,$83.74,$129.98,36% Off
Persol,PO3372V,$363,N/A,
Burberry,BE1360 - York,$146.50,$293,50% Off
Takumi,TK1025 With Magnetic Clip-On Lens,$115.74,$209.98,45% Off
Randy Jackson,RJ Limited Edition X134,$100,$200,50% Off
Guess,GU50244,$113,$226,50% Off
Ray-Ban,RB0298V,$222,N/A,
Ducks Unlimited,Alder,$100.67,$167.79,40% Off
Persol,PO3338V,$174,$348,50% Off
Burberry,BE2389,$139.50,$279,50% Off
Kate Spade,KS Kora/G,$205,N/A,
Takumi,TK924 No Clip-On Lens,$83.74,$129.98,36% Off
Dolce & Gabbana,DG1337,$176,$352,50% Off
Gucci,GG1577O,$425,$500,15% Off
O'Neill,Foster,$139,N/A,
Oakley,Socket 5.5,$227,N/A,
Guess,GU50119,$104,$208,50% Off
Stetson,Stetson 346,$97.44,$194.88,50% Off
Guess,GU50203-D,$101.50,$203,50% Off
Ray-Ban,RX5398F - Alternate Fit,$198,N/A,
Persol,PO3351V,$363,N/A,
Versace,VE1274,$316,N/A,
Gucci,GG1320O,$352.75,$415,15% Off
Gucci,GG0605O,$476,$680,30% Off
EasyClip,EC449 With Magnetic Clip-On Lens,$115.74,$209.98,45% Off
Oakley,Activate,$227,,
Dragon,DR181 Kevin,$183.60,$229.50,20% Off
Dolce & Gabbana,DG3398,$364,N/A,
Stetson,OFF ROAD 5056,$93.69,$187.38,50% Off
Emporio Armani,EA3135F - Alternate Fit,$147,$210,30% Off
Gucci,GG1359O,$365.50,$430,15% Off
Gucci,GG1291O,$488.75,$575,15% Off
Versace,VE3320U,$346,N/A,
Versace,VE3365U,$300,N/A,
O'Neill,Rain,$139,N/A,
Randy Jackson,RJ 3041,$93.50,$187,50% Off
Versace,VE3336U,$163,$326,50% Off
Versace,VE3306F - Alternate Fit,$128,$256,50% Off
Aristar,AR 16341,$97.50,$125,22% Off
Easytwist N Clip,CT236 With Magnetic Clip-On Lens,$130.79,$217.98,40% Off
Persol,PO3277V,$143,$286,50% Off
Gucci,GG1573O,$289,$340,15% Off
Aristar,AR 18664,$97.50,$125,22% Off
B.M.E.C. Big Mens,Big Block,$104.99,$209.97,50% Off
Versace,VE1263,$135,$270,50% Off
Stetson,Stetson 310,$97.44,$194.88,50% Off
Ray-Ban,RB6363,$210,N/A,
Guess,GU2953,$104,$208,N/A
Oakley,Socket 5,$227,N/A,
Takumi,TK1072 With Magnetic Clip-On Lens,$115.74,$209.98,45% Off
Gucci,GG1509O,$446.25,$525,15% Off
Anna Sui,AS193,$129.92,$199.88,35% Off
Versace,VE1264,$286,N/A,N/A
Via Spiga,Filomena,$104.94,$209.88,N/A
B.M.E.C. Big Mens,Big Swing,$104.99,$209.97,50% Off
O'Neill,Aidan,$139,N/A,
Persol,PO3218V,$348,N/A,
Stetson,OFF ROAD 5066,$93.69,$187.38,50% Off
Ray-Ban,RB6238,$222,N/A,
Dolce & Gabbana,DG5105U,$171.50,$343,50% Off
Guess,GU2880,$113.50,$227,50% Off
Coach,HC6040,$232,N/A,
Ray-Ban Junior,RB9095V,$82,N/A,
B.M.E.C. Big Mens,Big Issue,$104.99,$209.97,50% Off
Costa,Bimini Road 400,$183,N/A,
Guess,GU50112,$96,$192,50% Off
Oakley,Hex Jector - Alternate Fit (TruBridge),$187,N/A,
Gucci,GG0297OK - Alternate Fit,$476,$560,15% Off
Ray-Ban Junior,RY1536,$110,N/A,
Takumi,TK1033 With Magnetic Clip-On Lens,$115.74,$209.98,N/A
Vogue,VO4050,$167,,
Ralph Lauren,RL6136,$105,$210,50% Off
Ray-Ban,RB7258,$176,N/A,
Armani Exchange,AX1019,$107.10,$153,30% Off
Ray-Ban,RB7216F,$222,N/A,
Ray-Ban,RB8794,$479,N/A,N/A
Randy Jackson,RJ 3042,$93.50,$187,50% Off
Burberry,BE1376-Virginia,$169,$338,50% Off
Kate Spade,GRACY,$175,N/A,
Ray-Ban,RB3447V,$210,N/A,
Easytwist,ET972 No Clip-On Lens,$111.74,$199.98,44% Off
Costa,Bimini Road 210,$132.30,$189,30% Off
L.A.M.B.,LA051 - Phoebe,$214.88,N/A,
Persol,PO5005VT,$210,$420,N/A
Modo,6520,$265,N/A,
ED Ellen Degeneres,O-05,$185,N/A,
Randy Jackson,RJ 3025,$93.50,$187,50% Off
Kate Spade,Darcie,$143.50,$205,N/A
Gucci,GG0241O,$476,$680,30% Off
Nike,7242,$179.90,$257,30% Off
GX by Gwen Stefani Kids,GX905,$142.38,N/A,N/A
Guess,GU2731,$104,$208,50% Off
Vera Bradley Kids,Merit,$126.39,N/A,
Gucci,GG0819OA - Alternate Fit,$488.75,$575,15% Off
Dolce & Gabbana,DG3378,$240.10,$343,30% Off
Burberry,BE2392,$169,$338,50% Off
Persol,PO3012V,$333,,
Randy Jackson,RJ 3044,$93.50,$187,50% Off
Versace,VE3357,$228.20,$326,30% Off
Burberry,BE2425D,$327,N/A,
GX by Gwen Stefani,GX039 DANYA,$169.88,N/A,
Ray-Ban,RB4340V Wayfarer Ease,$210,N/A,
Ray-Ban,RB2242V,$198,,
Versace,VE3186,$286,N/A,
Guess,GU50246,$87.30,$167,N/A
Ray-Ban,RB7017,$222,N/A,
Caterpillar,CTO-3013,$118.15,$139,15% Off
Gucci,GG1183O,$245,$490,50% Off
Elle,EL 13419,$109.20,$182,40% Off
Puma,PJ0009O - Kids,$95.22,N/A,N/A
Ray-Ban,RB5397 - Elliot Optics,$210,N/A,
Ray-Ban,RB5398,$210,N/A,
Ray-Ban,RB5242,$95.50,$191,50% Off
Ted Baker,B957,$126.43,$210.72,40% Off
Oakley,Surface Plate,$318,N/A,
Ray-Ban,RB5428,$222,N/A,
Burberry,BE2403,$358,N/A,
Jones New York,J144-Petite,$168,$210,20% Off
Guess,GU50234,$117.50,$235,50% Off
GX by Gwen Stefani,GX027 MAKIS,$169.88,N/A,
Kate Spade,Glorianne,$245,N/A,
Persol,PO3007VM,$348,N/A,
Armani Exchange,AX3037,$96.60,$138,30% Off
Oakley,Metal Plate,$346,N/A,
Via Spiga,Giada,$104.94,$209.88,50% Off
Gucci,GG1442O,$465.50,$665,30% Off
Lulu Guinness,L891,$163.10,$271.83,40% Off
Guess,GU50121,$104,$208,50% Off
Guess,GU2954,$115,$230,50% Off
Gucci,GG1302O,$501.50,$590,15% Off
Via Spiga,Vincenza,$104.94,$209.88,50% Off
Versace,VE3347,$376,N/A,
Persol,PO3318V,$348,,
B.M.E.C. Big Mens,Big Jim,$104.99,$209.97,50% Off
Ray-Ban Junior,RB1642,$105,N/A,
Guess,GU50252,$87.30,$167,48% Off
Ray-Ban,RB6355,$237,N/A,
Persol,PO3253V,$171,$342,50% Off
Harley-Davidson,HD0760,$127.80,$213,40% Off
L.A.M.B.,LA048 - LES,$214.88,N/A,
EasyClip,EC376 With Magnetic Clip-On Lens,$115.74,$209.98,45% Off
Takumi,TK962 With Magnetic Clip-On Lens,$115.74,$209.98,N/A
Dolce & Gabbana,DG3399,$364,N/A,
B.M.E.C. Big Mens,Big Timber,$104.99,$209.97,50% Off
Gucci,GG0025O,$314.50,$370,15% Off
Burberry,BE2364,$154.50,$309,50% Off
Versace,VE3334F,$228.20,$326,30% Off
Cole Haan,CH4500,$168.48,$210.60,20% Off
Takumi,TK1036 With Magnetic Clip-On Lens,$115.74,$209.98,45% Off
Vogue,VO5163,$167,N/A,
Jones New York,J765,$191.20,$239,20% Off
O'Neill,West,$139,N/A,
Guess,GU50206-D,$101.50,$203,50% Off
Guess,GU2969,$104,$208,50% Off
Jones New York,J768,$156.80,$196,20% Off
Stetson,Stetson 327,$97.44,$194.88,50% Off
Gucci,GG0986O,$325,$650,50% Off
Kate Spade,Payton,$161,$230,30% Off
GX by Gwen Stefani,GX019 ARLY,$169.88,N/A,
Guess,GU2677,$117.50,$235,50% Off
Flexon,E1035,$246.40,$308,20% Off
Oakley,Cognitive R,$442,N/A,
B.M.E.C. Big Mens,Big Soul,$104.99,$209.97,50% Off
Gant,GA3165,$101,$202,50% Off
Burberry,BE2336,$160.50,$321,50% Off
Via Spiga,Ilaria,$104.94,$209.88,50% Off
John Varvatos,V374,$286.40,$358,20% Off
EasyClip,EC431 Children's-No Clip-On Lens,$83.74,$162.48,48% Off
Guess,GU50131,$104,$208,50% Off
Kate Spade,ZELDA,$240,N/A,
Sferoflex,SF2267,$60.50,$121,50% Off
Modo,4513,$335,N/A,
Persol,PO1007V,$171,$342,50% Off
Dolce & Gabbana,DG5071,$137,$274,50% Off
Ray-Ban,RX3681V,$153,N/A,
Gucci,GG1075O,$322,$460,30% Off
Kate Spade,Addisyn,$250,N/A,
Kate Spade,Pia,$175,,
Gant,GA4083,$101,$202,N/A
Gucci,GG0681O,$476,$560,15% Off
Guess,GU2674,$104,$208,50% Off
Oakley,Hyperlink - Alternate Fit,$187,N/A,
Stetson,Stetson 338,$97.44,$194.88,50% Off
EasyClip,EC408 With Magnetic Clip-On Lens,$115.74,$209.98,45% Off
Takumi,TK1070 With Magnetic Clip-On Lens,$115.74,$209.98,45% Off
Ray-Ban,RB1969V,$88.50,$177,50% Off
Kate Spade,Muriel/G,$245,,
Gucci,GG1012O,$395.25,$465,15% Off
John Varvatos,V162,$286.40,$358,20% Off
Oakley,Marshal MNP (TruBridge),$242,N/A,
Burberry,BE2427U,$358,N/A,
Gucci,GG1415O,$402.50,$575,30% Off
Costa,Ocean Ridge 210,$141.40,$202,30% Off
Kate Spade,PAYTON/F,$245,N/A,
Guess,GU50055-D,$113.50,$227,50% Off
Oakley,Dagger Board,$145.60,$208,30% Off
Burberry,BE2128,$133,$266,50% Off
Ray-Ban,RB7226,$124.60,$178,30% Off
Burberry,BE1368,$146.50,$293,50% Off
Ray-Ban Junior,RY1619,$87,N/A,
CHARMANT Titanium Perfection,CT 29129,$169.30,$282.17,40% Off
Stetson,Stetson 316,$97.44,$194.88,50% Off
Stetson,Stetson T510,$118.69,$237.38,50% Off
Kate Spade,Hazen,$245,,
Takumi,TK1078 With Magnetic Clip-On Lens,$111.74,$199.98,44% Off
Versace,VE3236,$132,$264,50% Off
Saint Laurent,SL 25,$322,$460,30% Off
Gucci,GG0756OA - Alternate Fit,$425,$500,15% Off
Gucci,GG1594O,$425,$500,15% Off
Guess,GU50186,$85.50,$167,49% Off
Cremieux,DICKSON,$118.50,$197.50,40% Off
Stetson,Stetson 180 Flex-Hinge Collection F112,$97.44,$194.88,50% Off
Gucci,GG0383O,$416.50,$490,15% Off
Guess,GU2983,$104,$208,50% Off
Dolce & Gabbana,DG3360,$254.80,$364,30% Off
Cremieux,WILLIAM,$120,$200,40% Off
Oakley,Tumbleweed,$255,N/A,
Stetson,Stetson 349,$97.44,$194.88,50% Off
Takumi,TK1020 With Magnetic Clip-On Lens,$115.74,$209.98,45% Off
Guess,GU50232,$104,$208,50% Off
Randy Jackson,RJ 1918,$93.50,$187,50% Off
Guess,GU50230,$113.50,$227,50% Off
Via Spiga,Julietta,$104.94,$209.88,50% Off
Ray-Ban,RB3648V The Marshal,$222,N/A,
Modo,7000,$315,N/A,
Ray-Ban Junior,RB1627,$46.50,$93,50% Off
Cremieux,ARLES,$124.50,$207.50,40% Off
Guess,GM50036,$135,$270,50% Off
Tura,R545,$175.90,$219.88,20% Off
Kate Spade,Joliet,$161,$230,30% Off
Ted Baker,B963,$126.43,$210.72,40% Off
Flexon,Melville 600,$192,$240,20% Off
Gucci,GG0890O,$350,$500,30% Off
Kate Spade,Raelynn,$161,$230,30% Off
Kate Spade,LUCYANN/F,$230,N/A,
Ann Taylor,AT102,$134.93,$224.88,40% Off
Gucci,GG0749O,$259.25,$305,15% Off
Lafont,Respect,$475,N/A,
Ray-Ban Junior,RY1627,$68.60,$98,30% Off
Esprit,ET 17562,$105,$175,40% Off
Kate Spade,Johnna,$255,N/A,
Persol,PO3050V,$333,N/A,
Ray-Ban,RB1644,$87,N/A,
Tura,R546,$175.90,$219.88,20% Off
Lafont,Ornano,$475,N/A,
Oakley,Persuasive,$128.10,$183,30% Off
Lulu Guinness,L203,$179.42,$299.03,40% Off
Ann Taylor,AT602,$142.43,$237.38,40% Off
Guess,GU50170,$85,$170,50% Off
Ray-Ban,RB6496 Optics,$210,N/A,
Ray-Ban,RB6499,$99,$198,50% Off
Ray-Ban,RB6428,$210,N/A,
Ray-Ban,RB5510 - Skyler Optics,$210,N/A,
Gucci,GG0964O,$290.50,$415,30% Off
Gucci,GG1540O,$314.50,$370,15% Off
Guess,GU1952,$104,$208,50% Off
Burberry,BE1343,$137.50,$275,50% Off
Sferoflex,SF2261,$81.20,$116,30% Off
Guess,GU2976,$92,$184,50% Off
Gucci,GG1271O,$425,$500,15% Off
Brooks Brothers,BB 1046,$172,N/A,
Oakley,Airdrop,$227,N/A,
Ray-Ban,RB8416,$276,N/A,
Burberry,BE2325F - Alternate Fit,$133,$266,50% Off
Guess,GU50077-D,$110.50,$221,50% Off
Burberry,BE1289,$132,$264,50% Off
Polo,PH2117,$194,N/A,
Persol,PO3007V,$333,,N/A
Stetson,Stetson Zylo-Flex 713,$108.69,$217.38,50% Off
Lilly Pulitzer,Lantana,$190.40,$238,N/A
Kate Spade,Flavia,$250,N/A,
Ray-Ban Junior,RY9074V,$87,N/A,
Burberry,BE1371,$169,$338,50% Off
Ray-Ban Junior,RY1621,$87,N/A,
Guess,GU50126,$108,$216,50% Off
Ray-Ban,RB7307M,$137,$274,50% Off
Versace,VE3367U,$376,N/A,
Modo,4227,$335,N/A,
Oakley,Crosslink Zero - Alternate Fit,$187,,
Kate Spade,CECILY,$175,,
Ray-Ban,RB0840V,$222,,
Oakley,Cathode,$227,N/A,
Gucci,GG1208O,$423.50,$605,30% Off
Persol,PO3312V,$171,$342,50% Off
Ray-Ban,RB7235,$249,N/A,
Lucky Brand,D306,$162.40,$203,20% Off
Ray-Ban,RB3947V - Round Gaze,$210,N/A,
Takumi,TK1051 With Magnetic Clip-On Lens,$115.74,$209.98,45% Off
Stetson,Stetson XL 31,$97.44,$194.88,50% Off
Guess,GU1731,$100,$200,50% Off
Kate Spade,Aggie,$205,,
Takumi,TK904 No Clip-On Lens,$115.74,$209.98,45% Off
O'Neill,Daly,$139,N/A,
Nicole Miller,Carman,$142.43,$237.38,40% Off
Persol,PO3284V,$171,$342,50% Off
Ray-Ban Junior,RY9078V,$60.90,$87,30% Off
Takumi,TK1030 With Magnetic Clip-On Lens,$115.74,$209.98,45% Off
Dolce & Gabbana,DG3329,$151.50,$303,50% Off
Ralph Lauren,RL6171,$112,$224,50% Off
Ray-Ban,RB5285,$222,N/A,
Argyleculture,Redman,$156.29,N/A,
Oakley Youth,Steel Plate XS,$135,N/A,
Costa,Seamount 200,$177.10,$253,30% Off
Persol,PO3296V,$143,$286,50% Off
Lulu Guinness,L786,$163.10,$271.83,40% Off
Ray-Ban,RB7144,$249,N/A,N/A
Dolce & Gabbana,DG1346,$158,$316,50% Off
Oakley Youth,Round Off,$123,N/A,
Guess,GU2904,$94.50,$189,50% Off
RALPH by Ralph Lauren,RA7039,$141,N/A,
Dolce & Gabbana,DG3372,$221.20,$316,30% Off
Versace,VE3349U,$221.20,$316,30% Off
Oakley Youth,Airdrop XS - Alternate Fit,$135,N/A,
Ray-Ban,RB8258V,$226,$452,50% Off
Stetson,Stetson 337,$97.44,$194.88,50% Off
Takumi,TK929 Kids,$83.74,$129.98,36% Off
Oakley,Extender,$208,N/A,
Versace,VE1296,$177,$354,50% Off
Versace,VE1305,$450,N/A,
Oakley,Pommel,$159.60,$228,30% Off
Dolce & Gabbana,DG3393,$254.80,$364,30% Off
Oakley Youth,Field Day,$135,N/A,
Gucci,GG0560ON,$416.50,$490,15% Off
Via Spiga,Olga,$104.94,$209.88,50% Off
Oakley,Fuller,$242,N/A,
Spy,Warren,$260,N/A,
Ray-Ban,RB8766,$263,N/A,
Gucci,GG0550O,$344.25,$405,15% Off
Gucci,GG1580O,$259.25,$305,15% Off
Kate Spade,Natalia,$168,$240,30% Off
Vera Bradley,Lonna,$183.89,N/A,
EasyClip,EC397 With Magnetic Clip-On Lens,$115.74,$209.98,45% Off
John Varvatos,V370,$286.40,$358,20% Off
Original Penguin,The Surprise,$174.31,$218,20% Off
Jill Stuart,JS 358,$131.85,$188.36,30% Off
Versace,VE3242A,$346,N/A,
Burberry,BE2338,$146.50,$293,50% Off
Oakley,Upturn,$215,N/A,
Sferoflex,SF2273,$60.50,$121,50% Off
Hackett,HEK 1091,$179.89,$199.88,10% Off
Gucci,GG1334O,$352.75,$415,15% Off
Stetson,OFF ROAD 5047,$93.69,$187.38,50% Off
Gucci,GG1549O,$446.25,$525,15% Off
Ray-Ban,RB3735V,$210,N/A,
Persol,PO3364V,$393,N/A,
Dolce & Gabbana,DG3405,$422,N/A,
Versace,VE1285,$300,N/A,
Hackett,HEK 1203,$179.89,$199.88,10% Off
Polo,PH1164,$173,N/A,
EasyClip,EC391 With Magnetic Clip-On Lens,$115.74,$209.98,45% Off
Guess,GU2943,$113.50,$227,50% Off
Dolce & Gabbana,DG5078,$191.80,$274,30% Off
Lucky Brand Kids,D809-Children's,$156.80,$196,20% Off
Stetson,Stetson XL 22,$97.44,$194.88,50% Off
Ray-Ban,RB7214F,$147,$210,30% Off
Guess,GU50245,$87.30,$167,48% Off
Dolce & Gabbana,DG3364,$144,$288,50% Off
Lulu Guinness,L209,$179.42,$299.03,40% Off
Oakley,Exchange,$242,N/A,
Ray-Ban Junior,RY9074VF - Alternate Fit,$87,N/A,
Ray-Ban,RB1549,$122,N/A,
Stetson,OFF ROAD 5038,$93.69,$187.38,50% Off
Dolce & Gabbana,DG1330,$158,$316,50% Off
Stetson,Stetson Zylo-Flex 715,$108.69,$217.38,50% Off
Ray-Ban,RB5383F - Alternate Fit,$133.70,$191,30% Off
Via Spiga,Salvatora,$104.94,$209.88,N/A
Flexon,Washington 600,$192,$240,20% Off
Vera Bradley,Diana,$174.69,N/A,
Gucci,GG1306OA,$476,$560,15% Off
Ray-Ban,RB3625V - New Aviator Optics,$222,N/A,
Kate Spade,Lowri/F - Alternate Fit,$250,,
Emporio Armani,EA3038,$137.20,$196,30% Off
Persol,PO2486V,$185,$370,50% Off
Modo,4405,$335,N/A,N/A
Ted Baker,B243,$149.90,$249.83,N/A
Gucci,GG1581O,$259.25,$305,15% Off
Versace,VE3354,$406,N/A,
Ray-Ban,RB7022,$107.80,$154,30% Off
Ray-Ban,RB8327VM,$325,N/A,
Oakley Youth,Top Level - Alternate Fit,$123,N/A,
Oakley,Wingback Sq,$318,N/A,
ED Ellen Degeneres,O-14,$185,N/A,
Tura,R547,$145.90,$182.38,20% Off
GX by Gwen Stefani,GX044 KAIRI,$169.88,N/A,
Guess,GU50180,$115,$230,50% Off
Randy Jackson,RJ 3038,$93.50,$187,50% Off
EasyClip,EC370-With Magnetic Clip-On Lens,$115.74,$209.98,45% Off
Gucci,GG1273O,$501.50,$590,15% Off
Ray-Ban,RB3875V,$222,N/A,
Costa,Mariana Trench 110,$107.50,$215,50% Off
Cremieux,NEW PRINCE,$115.50,$192.50,40% Off
Lulu Guinness,L765,$163.10,$271.83,40% Off
Dolce & Gabbana,DG5099,$232,,
Vogue,VO4067,$167,N/A,
Gucci,GG1586O,$416.50,$490,15% Off
Saint Laurent,SL 124,$505,N/A,
B.M.E.C. Big Mens,Big Bonus,$104.99,$209.97,50% Off
Original Penguin,The Stipo,$174.31,$218,20% Off
Takumi,TK1065 With Magnetic Clip-On Lens,$115.74,$209.98,45% Off
Ray-Ban,RB5435F,$189,N/A,
EasyClip,EC336 With Magnetic Clip-On Lens,$115.74,$209.98,45% Off
Sferoflex,SF1574,$52,$104,50% Off
O'Neill,Odyssey,$139,N/A,
Guess,GM50016,$142,$284,50% Off
Dolce & Gabbana,DG5106U,$171.50,$343,50% Off
Aristar,AR 18645,$97.50,$125,22% Off
Guess,GU50234,$117.50,$235,N/A
Puma,PU0028O,$136.62,N/A,
Vogue,VO3940,$128,N/A,
Tura,R553,$175.90,$219.88,20% Off
Lafont Issy & La,Alias,$359,N/A,
Kenneth Cole,KC0789,$100,$200,50% Off
Ray-Ban,RB7231M - Scuderia Ferrari Collection,$118.50,$237,50% Off
Versace,VE1175B,$316,N/A,
Persol,PO3146V,$130,$260,50% Off
Burberry,BE2428U,$390,N/A,
Elle,EL 13453,$109.20,$182,40% Off
Tura,R510,$220,$275,20% Off
Ray-Ban,RB7214 Gina Optics,$147,$210,30% Off
Via Spiga,Sonia,$104.94,$209.88,50% Off
Dolce & Gabbana,DG5026,$306,,
Burberry,BE1356,$146.50,$293,50% Off
Oakley,Tensile,$297,N/A,
Takumi,TK1009 With Magnetic Clip-On Lens,$115.74,$209.98,45% Off
Versace,VE3343,$208.60,$298,30% Off
Ray-Ban Junior,RY1628,$60.90,$87,30% Off
Ray-Ban,RB3447V Round Metal,$210,N/A,
Guess,GM50030,$121.50,$243,50% Off
Brooks Brothers,BB 2019,$215,N/A,
Guess,GU50150,$96,$192,50% Off
Kate Spade,Darcie,$143.50,$205,30% Off
Guess,GU50114,$105.50,$211,50% Off
Ray-Ban,RB7074,$176,N/A,
Takumi,TK1040 Kids,$83.74,$129.98,36% Off
Versace,VE3372U,$376,N/A,
Stetson,Stetson 344,$97.44,$194.88,50% Off
XXL,Trojan,$103.69,$207.38,50% Off
L.A.M.B.,LA039 - Foley,$234.88,N/A,
GX by Gwen Stefani,GX042 PIET,$169.88,N/A,
Gucci,GG0011O,$391,$460,15% Off
L.A.M.B.,LA022 - Mae,$234.88,N/A,
Oakley,Pitchman R Carbon,$297,N/A,
Oakley,Kylian Mbappe Signature Series HSTN (Low Bridge Fit),$208,N/A,
Puma,PU0065O,$191.82,N/A,
Guess,GU50249,$96,$192,50% Off
Gucci,GG1687O,$365.50,$430,15% Off
Carrera,CA138/V,$220,N/A,
Guess,GU2977,$85.50,$166,48% Off
Ray-Ban Junior,RB1059,$41,$82,50% Off
ED Ellen Degeneres,O-12,$185,N/A,
Oakley,Coupler,$242,N/A,
Skechers Kids,SE1631,$137,N/A,
Randy Jackson,RJ 1055,$93.50,$187,50% Off
XOXO,Trieste,$93.77,$156.29,40% Off
Guess,GU2959,$112,$224,50% Off
Guess,GU50223,$96,$192,50% Off
Dolce & Gabbana,DG3361,$171.50,$343,50% Off
Gucci,GG1340O,$259.25,$305,15% Off
